elapsed_hours,HI_true,HI_physics_prior,HI_PG_RGRU
0.0,0.9861568808555604,0.997394859790802,0.9700199961662292
0.0143225044012069,0.9861568808555604,0.997394859790802,0.9661389589309692
0.0286508398130536,0.9861568808555604,0.997394859790802,0.9602663516998292
0.0430038962513208,0.9861568808555604,0.997394859790802,0.9551587700843812
0.0573508339002728,0.9861568808555604,0.997394859790802,0.965507984161377
0.0717105623334646,0.9861568808555604,0.997394859790802,0.9678691029548644
0.0860733361914753,0.9861568808555604,0.997394859790802,0.9649165868759156
0.1004769606515765,0.9861568808555604,0.997394859790802,0.9679782390594482
0.1148077938705682,0.9861568808555604,0.997394859790802,0.970484972000122
0.1291627921164035,0.9861568808555604,0.997394859790802,0.9786692261695862
0.143534735776484,0.9861568808555604,0.997394859790802,0.9846683144569396
0.1578883454203605,0.9861568808555604,0.997394859790802,0.9905951619148254
0.1722541702911257,0.9861568808555604,0.997394859790802,0.9954090714454652
0.1866119541227817,0.9861568808555604,0.997394859790802,0.999600350856781
0.2009855769574642,0.9861568808555604,0.997394859790802,1.0
0.2153413938358426,0.9861568808555604,0.997394859790802,1.0
0.2297136252745986,0.9861568808555604,0.997394859790802,1.0
0.2440797379240393,0.9861568808555604,0.997394859790802,1.0
0.258456121198833,0.9861568808555604,0.997394859790802,1.0
0.272846401669085,0.9861568808555604,0.997394859790802,1.0
0.2872033445164561,0.9861568808555604,0.997394859790802,1.0
0.3015539059415459,0.9861568808555604,0.997394859790802,1.0
0.3159266877919435,0.9861568808555604,0.997394859790802,1.0
0.3303044652566314,0.9861568808555604,0.997394859790802,1.0
0.3446675045415759,0.9861568808555604,0.997394859790802,1.0
0.3590394482016563,0.9861568808555604,0.997394859790802,1.0
0.373400280252099,0.9861568808555604,0.997394859790802,1.0
0.3877777922898531,0.9861568808555604,0.997394859790802,1.0
0.4021472409367561,0.9861568808555604,0.997394859790802,1.0
0.4165258565917611,0.9861568808555604,0.997394859790802,1.0
0.4308927850797772,0.9861568808555604,0.997394859790802,1.0
0.4452725043520331,0.9861568808555604,0.997394859790802,1.0
0.4596447357907891,0.9861568808555604,0.997394859790802,1.0
0.4740408500656485,0.9861568808555604,0.997394859790802,1.0
0.4884233521297574,0.9861568808555604,0.997394859790802,1.0
0.5027611199766397,0.9861568808555604,0.997394859790802,1.0
0.5171425212174654,0.9861568808555604,0.997394859790802,1.0
0.5315077928826213,0.9861568808555604,0.997394859790802,1.0
0.54588667396456,0.9861568808555604,0.997394859790802,1.0
0.5602894574403763,0.9861568808555604,0.997394859790802,1.0
0.5746513931080699,0.9861568808555604,0.997394859790802,1.0
0.5890336325392127,0.9861568808555604,0.997394859790802,1.0
0.6033727917820215,0.9861568808555604,0.997394859790802,1.0
0.6177541678771377,0.9861568808555604,0.997394859790802,1.0
0.6321261143311858,0.9861568808555604,0.997394859790802,1.0
0.6465061213821173,0.9861568808555604,0.997394859790802,1.0
0.6608805600553751,0.9861568808555604,0.997394859790802,1.0
0.6752672418951988,0.9861568808555604,0.997394859790802,1.0
0.6896383445709944,0.9861568808555604,0.997394859790802,1.0
0.7040255768224597,0.9861568808555604,0.997394859790802,1.0
0.7183963945135474,0.9861568808555604,0.997394859790802,1.0
0.7327833361923695,0.9861568808555604,0.997394859790802,1.0
0.7471591690555215,0.9861568808555604,0.997394859790802,1.0
0.7615461135283113,0.9861568808555604,0.997394859790802,1.0
0.7759233377873898,0.9861568808555604,0.997394859790802,1.0
0.7903125118464231,0.9861568808555604,0.997394859790802,1.0
0.8046894483268261,0.9861568808555604,0.997394859790802,1.0
0.8190772337839007,0.9861568808555604,0.997394859790802,1.0
0.8334650164470077,0.9861568808555604,0.997394859790802,1.0
0.8478527767583728,0.9861568808555604,0.997394859790802,1.0
0.862261944450438,0.9861568808555604,0.997394859790802,1.0
0.8766055684536695,0.9861568808555604,0.997394859790802,1.0
0.8909939043223858,0.9861568808555604,0.997394859790802,1.0
0.9053738890215756,0.9861568808555604,0.997394859790802,1.0
0.9197619622573256,0.9861568808555604,0.997394859790802,1.0
0.9341397369280456,0.9861568808555604,0.997394859790802,1.0
0.9485314087942244,0.9861568808555604,0.997394859790802,1.0
0.962918353267014,0.9861568808555604,0.997394859790802,1.0
0.9773175129666924,0.9861568808555604,0.997394859790802,1.0
0.9917008336633444,0.9861568808555604,0.997394859790802,1.0
1.0060889041051269,0.9861568808555604,0.997394859790802,1.0
1.0204769521951675,0.9861568808555604,0.997394859790802,1.0
1.0348855694755912,0.9861568808555604,0.997394859790802,1.0
1.0492827845737338,0.9861568808555604,0.997394859790802,1.0
1.0636622412130237,0.9861568808555604,0.997394859790802,1.0
1.0780591685324907,0.9861568808555604,0.997394859790802,1.0
1.0924452971667051,0.9861568808555604,0.997394859790802,1.0
1.1068419618532062,0.9861568808555604,0.997394859790802,1.0
1.1212208401411772,0.9861568808555604,0.997394859790802,1.0
1.1356216818094254,0.9861568808555604,0.997394859790802,1.0
1.1499994564801457,0.9861568808555604,0.997394859790802,1.0
1.1644044499844313,0.9861568808555604,0.997394859790802,1.0
1.1787872398272157,0.9861568808555604,0.997394859790802,1.0
1.1931591862812638,0.9861568808555604,0.997394859790802,1.0
1.2075452897697687,0.9861568808555604,0.997394859790802,1.0
1.221940009854734,0.9861568808555604,0.997394859790802,1.0
1.2363280579447746,0.9861568808555604,0.997394859790802,1.0
1.2507280558347702,0.9861568808555604,0.997394859790802,1.0
1.2651161290705204,0.9861568808555604,0.997394859790802,1.0
1.279512505978346,0.9861568808555604,0.997394859790802,1.0
1.2939050160348415,0.9861568808555604,0.997394859790802,1.0
1.308306408114731,0.9861568808555604,0.997394859790802,1.0
1.3226986331865191,0.9861568808555604,0.997394859790802,1.0
1.3370988965034485,0.9861568808555604,0.997394859790802,1.0
1.3514922251924872,0.9861568808555604,0.997394859790802,1.0
1.3658933518454432,0.9861568808555604,0.997394859790802,1.0
1.3802847359329462,0.9861568808555604,0.997394859790802,1.0
1.3946838984265924,0.9861568808555604,0.997394859790802,1.0
1.409073625691235,0.9861568808555604,0.997394859790802,1.0
1.4234844502061603,0.9861568808555604,0.997394859790802,1.0
1.4378847358748317,0.9861568808555604,0.997394859790802,1.0
1.4522888883948326,0.9861568808555604,0.997394859790802,1.0
1.4666789062321186,0.9861568808555604,0.997394859790802,1.0
1.4810858415439725,0.9861568808555604,0.997394859790802,1.0
1.4954863926395774,0.9861568808555604,0.997394859790802,1.0
1.509892512112856,0.9861568808555604,0.997394859790802,1.0
1.524297240190208,0.9861568808555604,0.997394859790802,1.0
1.5387052819132805,0.9861568808555604,0.997394859790802,1.0
1.5531069617718458,0.9861568808555604,0.997394859790802,1.0
1.5675355698913336,0.9861568808555604,0.997394859790802,1.0
1.581948073580861,0.9861568808555604,0.997394859790802,1.0
1.596340561285615,0.9861568808555604,0.997394859790802,1.0
1.6107230661436915,0.9861568808555604,0.997394859790802,1.0
1.6251247460022569,0.9861568808555604,0.997394859790802,1.0
1.6395433461293578,0.9861568808555604,0.997394859790802,1.0
1.6539533520117402,0.9861568808555604,0.997394859790802,1.0
1.6683669621124864,0.9861568808555604,0.997394859790802,1.0
1.6827741852030158,0.9861568808555604,0.997394859790802,1.0
1.6971852974966168,0.9861568808555604,0.997394859790802,1.0
1.7115850104019046,0.9861568808555604,0.997394859790802,1.0
1.7259964104741812,0.9861568808555604,0.997394859790802,1.0
1.7404005602002144,0.9861568808555604,0.997394859790802,1.0
1.7548158494755626,0.9861568808555604,0.997394859790802,1.0
1.7692194487899542,0.9861568808555604,0.997394859790802,1.0
1.7836322402581573,0.9861568808555604,0.997394859790802,1.0
1.7980375215411186,0.9861568808555604,0.997394859790802,1.0
1.8124497374519704,0.9861568808555604,0.997394859790802,1.0
1.8268547281622889,0.9861568808555604,0.997394859790802,1.0
1.841271674260497,0.9861568808555604,0.997394859790802,1.0
1.8556847283616664,0.9861568808555604,0.997394859790802,1.0
1.8701008334755895,0.9861568808555604,0.997394859790802,1.0
1.8845130745321512,0.9861568808555604,0.997394859790802,1.0
1.8989475136622789,0.9861568808555604,0.997394859790802,1.0
1.913372785784304,0.9861568808555604,0.997394859790802,1.0
1.9277491690590975,0.9861568808555604,0.997394859790802,1.0
1.9421658497303724,0.9861568808555604,0.997394859790802,1.0
1.956581113860011,0.9861568808555604,0.997394859790802,1.0
1.9710083529353144,0.9861568808555604,0.997394859790802,1.0
1.9854261120781305,0.9861568808555604,0.997394859790802,1.0
1.9998469445854423,0.9861568808555604,0.997394859790802,1.0
2.014263072051108,0.9861568808555604,0.997394859790802,1.0
2.028685849159956,0.9861568808555604,0.997394859790802,1.0
2.043135842308402,0.9861568808555604,0.997394859790802,1.0
2.0575430653989315,0.9861568808555604,0.997394859790802,1.0
2.071967784315348,0.9861568808555604,0.997394859790802,1.0
2.0863791843876243,0.9861568808555604,0.997394859790802,1.0
2.100808896124363,0.9861568808555604,0.997394859790802,1.0
2.1151925045996904,0.9861568808555604,0.997394859790802,1.0
2.129614178091288,0.9861568808555604,0.997394859790802,1.0
2.1440364019945264,0.9861568808555604,0.997394859790802,1.0
2.158465560525656,0.9861568808555604,0.997394859790802,1.0
2.17288389801979,0.9861568808555604,0.997394859790802,1.0
2.1873455783352256,0.9861568808555604,0.997394859790802,1.0
2.2017338890582323,0.9861568808555604,0.997394859790802,1.0
2.216158633120358,0.9861568808555604,0.997394859790802,1.0
2.2305727936327457,0.9861568808555604,0.997394859790802,1.0
2.245004737749696,0.9861568808555604,0.997394859790802,1.0
2.2594216810539365,0.9861568808555604,0.997394859790802,1.0
2.27383500058204,0.9861568808555604,0.997394859790802,1.0
2.288268336094916,0.9861568808555604,0.997394859790802,1.0
2.302690009586513,0.9861568808555604,0.997394859790802,1.0
2.317127234302461,0.9861568808555604,0.997394859790802,1.0
2.33154780138284,0.9861568808555604,0.997394859790802,1.0
2.3459786167368293,0.9861568808555604,0.997394859790802,1.0
2.36040472984314,0.9861568808555604,0.997394859790802,1.0
2.3748377775773406,0.9861568808555604,0.997394859790802,1.0
2.389260289259255,0.9861568808555604,0.997394859790802,1.0
2.403692233376205,0.9861568808555604,0.997394859790802,1.0
2.4181152982637286,0.9861568808555604,0.997394859790802,1.0
2.432565288618207,0.9861568808555604,0.997394859790802,1.0
2.4470005687326197,0.9861568808555604,0.997394859790802,1.0
2.461415832862258,0.9861568808555604,0.997394859790802,1.0
2.475857234559953,0.9861568808555604,0.997394859790802,1.0
2.490254184231162,0.9861568808555604,0.997394859790802,1.0
2.504714185371995,0.9861568808555604,0.997394859790802,1.0
2.5191438971087337,0.9861568808555604,0.997394859790802,1.0
2.5335769448429346,0.9861568808555604,0.997394859790802,1.0
2.5480086263269186,0.9861568808555604,0.997394859790802,1.0
2.56247056927532,0.9861568808555604,0.997394859790802,1.0
2.576869466342032,0.9861568808555604,0.997394859790802,1.0
2.591301410458982,0.9861568808555604,0.997394859790802,1.0
2.605726945213973,0.9861568808555604,0.997394859790802,1.0
2.620157520286739,0.9861568808555604,0.997394859790802,1.0
2.634586681611836,0.9861568808555604,0.997394859790802,1.0
2.649044450372457,0.9861568808555604,0.997394859790802,1.0
2.663453352637589,0.9861568808555604,0.997394859790802,1.0
2.677885296754539,0.9861568808555604,0.997394859790802,1.0
2.6923166904598475,0.9861568808555604,0.997394859790802,1.0
2.7067505763843656,0.9861568808555604,0.997394859790802,1.0
2.721185856498778,0.9861568808555604,0.997394859790802,1.0
2.7356138890609145,0.9861568808555604,0.997394859790802,1.0
2.7500563943758607,0.9861568808555604,0.997394859790802,1.0
2.764489176683128,0.9861568808555604,0.997394859790802,1.0
2.778928633779288,0.9861568808555604,0.997394859790802,1.0
2.793389185331762,0.9861568808555604,0.997394859790802,1.0
2.8078197380527854,0.9861568808555604,0.997394859790802,1.0
2.822263056412339,0.9861568808555604,0.997394859790802,1.0
2.836665289476514,0.9861568808555604,0.997394859790802,1.0
2.851106400601566,0.9861568808555604,0.997394859790802,1.0
2.865537241101265,0.9861568808555604,0.997394859790802,1.0
2.879975569434464,0.9861568808555604,0.997394859790802,1.0
2.8944163927808404,0.9861568808555604,0.997394859790802,1.0
2.908853905275464,0.9861568808555604,0.997394859790802,1.0
2.923288056626916,0.9861568808555604,0.997394859790802,1.0
2.937728064134717,0.9861568808555604,0.997394859790802,1.0
2.952161690220237,0.9861568808555604,0.997394859790802,1.0
2.966614728793502,0.9861568808555604,0.997394859790802,1.0
2.981055577285588,0.9861568808555604,0.997394859790802,1.0
2.995516682043672,0.9861568808555604,0.997394859790802,1.0
3.0099333375692368,0.9861568808555604,0.997394859790802,1.0
3.0243752896785736,0.9861568808555604,0.997394859790802,1.0
3.0388175044208765,0.9861568808555604,0.997394859790802,1.0
3.05325388815254,0.9861568808555604,0.997394859790802,1.0
3.067716121673584,0.9861568808555604,0.997394859790802,1.0
3.082166953012347,0.9861568808555604,0.997394859790802,1.0
3.096611400134861,0.9861568808555604,0.997394859790802,1.0
3.1110261138528585,0.9861568808555604,0.997394859790802,1.0
3.12546612136066,0.9861568808555604,0.997394859790802,1.0
3.139913616701961,0.9861568808555604,0.997394859790802,1.0
3.154362506233156,0.9861568808555604,0.997394859790802,1.0
3.1688083447515965,0.9861568808555604,0.997394859790802,1.0
3.183251953683793,0.9861568808555604,0.997394859790802,1.0
3.197698345407844,0.9861568808555604,0.997394859790802,1.0
3.212143345735967,0.9861568808555604,0.997394859790802,1.0
3.226598616689444,0.9861568808555604,0.997394859790802,1.0
3.241041672416032,0.9861568808555604,0.997394859790802,1.0
3.255493056960404,0.9861568808555604,0.997394859790802,1.0
3.269946408458054,0.9861568808555604,0.997394859790802,1.0
3.284397793002426,0.9861568808555604,0.997394859790802,1.0
3.2988494653254747,0.9861568808555604,0.997394859790802,1.0
3.3133086254820228,0.9861568808555604,0.997394859790802,1.0
3.327756120823324,0.9861568808555604,0.997394859790802,1.0
3.3422305695712566,0.9861568808555604,0.997394859790802,1.0
3.35666112229228,0.9861568808555604,0.997394859790802,1.0
3.37111334502697,0.9861568808555604,0.997394859790802,1.0
3.385572242550552,0.9861568808555604,0.997394859790802,1.0
3.4000519439578056,0.9861568808555604,0.997394859790802,1.0
3.414496393874288,0.9861568808555604,0.997394859790802,1.0
3.4289241861552,0.9861568808555604,0.997394859790802,1.0
3.443372522480786,0.9861568808555604,0.997394859790802,1.0
3.457832520827651,0.9861568808555604,0.997394859790802,1.0
3.472283617593348,0.9861568808555604,0.997394859790802,1.0
3.486743615940213,0.9861568808555604,0.997394859790802,1.0
3.501198624260724,0.9861568808555604,0.997394859790802,1.0
3.5156630650162697,0.9861568808555604,0.997394859790802,1.0
3.53011694457382,0.9861568808555604,0.997394859790802,1.0
3.544597224332392,0.9861568808555604,0.997394859790802,1.0
3.559062506072223,0.9861568808555604,0.997394859790802,1.0
3.5734894573688507,0.9861568808555604,0.997394859790802,1.0
3.58795084990561,0.9861568808555604,0.997394859790802,1.0
3.602402234449982,0.9861568808555604,0.997394859790802,1.0
3.616866672411561,0.9861568808555604,0.997394859790802,1.0
3.6313227843493214,0.9861568808555604,0.997394859790802,1.0
3.645786409266293,0.9861568808555604,0.997394859790802,1.0
3.660246960818768,0.9861568808555604,0.997394859790802,1.0
3.6747122425585994,0.9861568808555604,0.997394859790802,1.0
3.6891775215044618,0.9861568808555604,0.997394859790802,1.0
3.703640280291438,0.9861568808555604,0.997394859790802,1.0
3.718109736219049,0.9861568808555604,0.997394859790802,1.0
3.732588336803019,0.9861568808555604,0.997394859790802,1.0
3.7470613941550255,0.9861568808555604,0.997394859790802,1.0
3.761514170095325,0.9861568808555604,0.997394859790802,1.0
3.7759541776031256,0.9861568808555604,0.997394859790802,1.0
3.790418906137347,0.9861568808555604,0.997394859790802,1.0
3.804885000921786,0.9861568808555604,0.997394859790802,1.0
3.8193466812372208,0.9861568808555604,0.997394859790802,1.0
3.833816399797797,0.9861568808555604,0.997394859790802,1.0
3.848283626139164,0.9861568808555604,0.997394859790802,1.0
3.862747801467776,0.9861568808555604,0.997394859790802,1.0
3.877211954444647,0.9861568808555604,0.997394859790802,1.0
3.891685296781361,0.9861568808555604,0.997394859790802,1.0
3.906152785755694,0.9861568808555604,0.997394859790802,1.0
3.920621112920344,0.9861568808555604,0.997394859790802,1.0
3.935088336467743,0.9861568808555604,0.997394859790802,1.0
3.949580018408597,0.9861568808555604,0.997394859790802,1.0
3.9640608485788102,0.9861568808555604,0.997394859790802,1.0
3.978499464690685,0.9861568808555604,0.997394859790802,1.0
3.9929811134934425,0.9861568808555604,0.997394859790802,1.0
4.007447233423591,0.9861568808555604,0.997394859790802,1.0
4.021925280801952,0.9861568808555604,0.997394859790802,1.0
4.036395577713847,0.9861568808555604,0.997394859790802,1.0
4.050876407884061,0.9861562252044678,0.997394859790802,1.0
4.065350281074643,0.9861366748809814,0.997394859790802,1.0
4.079823888838291,0.9860993027687072,0.997394859790802,1.0
4.094302777200937,0.9860448241233826,0.997394859790802,1.0
4.10879863332957,0.9859740138053894,0.997394859790802,1.0
4.123249730095267,0.9858881831169128,0.997394859790802,1.0
4.137726673856378,0.9857885837554932,0.997394859790802,1.0
4.152203064411879,0.9856767058372498,0.997394859790802,1.0
4.166678066365421,0.9855549335479736,0.997394859790802,1.0
4.18117418512702,0.9854267835617064,0.997394859790802,1.0
4.195663056336343,0.9852958917617798,0.997394859790802,1.0
4.21013724245131,0.9851649403572084,0.997394859790802,1.0
4.224626951850951,0.9850340485572816,0.997394859790802,1.0
4.239101688377559,0.9849031567573548,0.997394859790802,1.0
4.253593057394028,0.9847722053527832,0.996978998184204,1.0
4.268069738522172,0.9846413135528564,0.9964030385017396,1.0
4.282522514462471,0.9845104217529296,0.9958270788192748,1.0
4.29700418561697,0.9843794703483582,0.9953475594520568,1.0
4.311489458195865,0.9842485785484314,0.9949020147323608,1.0
4.325972232967615,0.9841176867485046,0.994680106639862,1.0
4.3404572401195765,0.9839867353439332,0.9946524500846864,1.0
4.354941409081221,0.983856439590454,0.9946524500846864,1.0
4.369429176673293,0.9837450981140136,0.9946524500846864,1.0
4.383913345634937,0.9836515784263612,0.9946524500846864,1.0
4.398398352786899,0.983575165271759,0.9946524500846864,1.0
4.412887511774898,0.9835150241851808,0.9946524500846864,1.0
4.427373887971044,0.9834699630737304,0.9946524500846864,1.0
4.441886401735246,0.9834386110305786,0.9946524500846864,1.0
4.45633833669126,0.9834195971488952,0.9946524500846864,1.0
4.470832513645291,0.9834104776382446,0.9946524500846864,1.0
4.485323064029217,0.9834076762199402,0.9946524500846864,1.0
4.499817240983248,0.9834076762199402,0.9946524500846864,1.0
4.514296682551503,0.9834076762199402,0.9946524500846864,1.0
4.528808064758778,0.9834076762199402,0.9946524500846864,1.0
4.5433061281219125,0.9834076762199402,0.9946524500846864,1.0
4.557765576057136,0.9834076762199402,0.9946524500846864,1.0
4.572260568849742,0.9834076762199402,0.9946524500846864,1.0
4.58675611205399,0.9834076762199402,0.9946524500846864,1.0
4.60125722642988,0.9834076762199402,0.9946524500846864,1.0
4.615749721415341,0.9834076762199402,0.9946524500846864,1.0
4.630240850150585,0.9834076762199402,0.9946524500846864,1.0
4.644739729352295,0.9834076762199402,0.9946524500846864,1.0
4.659236689098179,0.9834076762199402,0.9946524500846864,1.0
4.6737638879567385,0.9834076762199402,0.9946524500846864,1.0
4.688260559923947,0.9834076762199402,0.9946524500846864,1.0
4.702770000323653,0.9834076762199402,0.9946524500846864,1.0
4.717244736850262,0.9834076762199402,0.9946524500846864,1.0
4.731751394458115,0.9834076762199402,0.9946524500846864,1.0
4.74625528883189,0.9834076762199402,0.9946524500846864,1.0
4.7607533521950245,0.9834076762199402,0.9946524500846864,1.0
4.775263058021665,0.9834076762199402,0.9946524500846864,1.0
4.789763616397977,0.9834076762199402,0.9946524500846864,1.0
4.804292785003781,0.9834076762199402,0.9946524500846864,1.0
4.818762794137001,0.9834076762199402,0.9946524500846864,1.0
4.833273625932634,0.9834076762199402,0.9946524500846864,1.0
4.847786690108478,0.9834076762199402,0.9946524500846864,1.0
4.862303352914751,0.9834076762199402,0.9946524500846864,1.0
4.876856951974332,0.9834076762199402,0.9946524500846864,1.0
4.891359745524824,0.9834076762199402,0.9946524500846864,1.0
4.9058480663225055,0.9834076762199402,0.9946524500846864,1.0
4.920357241295278,0.9834076762199402,0.9946524500846864,1.0
4.934873353689909,0.9834076762199402,0.9946524500846864,1.0
4.949384448118508,0.9834076762199402,0.9946524500846864,1.0
4.963901401497424,0.9834076762199402,0.9946524500846864,1.0
4.978429175913334,0.9834076762199402,0.9946524500846864,1.0
4.992974448949099,0.9834076762199402,0.9946524500846864,1.0
5.007509736344218,0.9834076762199402,0.9946524500846864,1.0
5.022037801332772,0.9834076762199402,0.9946524500846864,1.0
5.036575849168003,0.9834076762199402,0.9946524500846864,1.0
5.051101393997669,0.9834076762199402,0.9946524500846864,1.0
5.065631400793791,0.9834076762199402,0.9946524500846864,1.0
5.080145568586886,0.9834076762199402,0.9946524500846864,1.0
5.094684169627726,0.9834076762199402,0.9946524500846864,1.0
5.109212785027921,0.9834076762199402,0.9946524500846864,1.0
5.123748337849975,0.9834076762199402,0.9946524500846864,1.0
5.1382852820679545,0.9834076762199402,0.9946524500846864,1.0
5.152816680260003,0.9834076762199402,0.9946524500846864,1.0
5.167350000701845,0.9834076762199402,0.9946524500846864,1.0
5.181890018284321,0.9834076762199402,0.9946524500846864,1.0
5.196446400135756,0.9834076762199402,0.9946524500846864,1.0
5.210971944965422,0.9834076762199402,0.9946524500846864,1.0
5.225480016320944,0.9834076762199402,0.9946524500846864,1.0
5.240005298517644,0.9834076762199402,0.9946524500846864,1.0
5.254531944170594,0.9834076762199402,0.9946524500846864,1.0
5.26906500197947,0.9834076762199402,0.9946524500846864,1.0
5.2836072240024805,0.9834076762199402,0.9946524500846864,1.0
5.2981402818113565,0.9834076762199402,0.9946524500846864,1.0
5.3126697381958365,0.9834076762199402,0.9946524500846864,1.0
5.327201114036143,0.9834076762199402,0.9946524500846864,1.0
5.341734456829727,0.9834076762199402,0.9946524500846864,1.0
5.35627000965178,0.9834076762199402,0.9946524500846864,1.0
5.370797521434724,0.9834076762199402,0.9946524500846864,1.0
5.38533641025424,0.9834076762199402,0.9946524500846864,1.0
5.399873617105186,0.9834076762199402,0.9946524500846864,1.0
5.414409169927239,0.9834076762199402,0.9946524500846864,1.0
5.4289469523355365,0.9834076762199402,0.9946524500846864,1.0
5.443485578522086,0.9834076762199402,0.9946524500846864,1.0
5.458044458180666,0.9834076762199402,0.9946524500846864,1.0
5.472557784989476,0.9834076762199402,0.9946524500846864,1.0
5.487103896215558,0.9834076762199402,0.9946524500846864,1.0
5.501641681417823,0.9834076762199402,0.9946524500846864,1.0
5.516198616474867,0.9834076762199402,0.9946524500846864,1.0
5.53071057703346,0.9834076762199402,0.9946524500846864,1.0
5.545248912647367,0.9834076762199402,0.9946524500846864,1.0
5.559800282120705,0.9834076762199402,0.9946524500846864,1.0
5.574348337948322,0.9834076762199402,0.9946524500846864,1.0
5.588913336396217,0.9834076762199402,0.9946524500846864,1.0
5.603471953421831,0.9834076762199402,0.9946524500846864,1.0
5.618015832267702,0.9834076762199402,0.9946524500846864,1.0
5.632566961459816,0.9834076762199402,0.9946524500846864,1.0
5.647080288268626,0.9834076762199402,0.9946524500846864,1.0
5.661630576476455,0.9834076762199402,0.9946524500846864,1.0
5.676184728741646,0.9834076762199402,0.9946524500846864,1.0
5.690742242150009,0.9834076762199402,0.9946524500846864,1.0
5.705287777818739,0.9834076762199402,0.9946524500846864,1.0
5.719841689802706,0.9834076762199402,0.9946524500846864,1.0
5.734397783875465,0.9834076762199402,0.9946524500846864,1.0
5.748956400901079,0.9834076762199402,0.9946524500846864,1.0
5.763515280559659,0.9834076762199402,0.9946524500846864,1.0
5.7780786249786615,0.9834076762199402,0.9946524500846864,1.0
5.792628337629139,0.9834076762199402,0.9946524500846864,1.0
5.807186689227819,0.9834076762199402,0.9946524500846864,1.0
5.821747513487935,0.9834076762199402,0.9946524500846864,1.0
5.836310016922653,0.9834076762199402,0.9946524500846864,1.0
5.850872232578695,0.9834076762199402,0.9946524500846864,1.0
5.86544640082866,0.9834076762199402,0.9946524500846864,1.0
5.879999737255275,0.9834076762199402,0.9946524500846864,1.0
5.894566392526031,0.9834076762199402,0.9946524500846864,1.0
5.909136674366891,0.9834076762199402,0.9946524500846864,1.0
5.923716961406171,0.9834076762199402,0.9946524500846864,1.0
5.938292521052063,0.9834076762199402,0.9946524500846864,1.0
5.952830281108618,0.9834076762199402,0.9946524500846864,1.0
5.967433344572783,0.9834076762199402,0.9946524500846864,1.0
5.9819964012131095,0.9834076762199402,0.9946524500846864,1.0
5.996575562283397,0.9834076762199402,0.9946524500846864,1.0
6.0111372247338295,0.9834076762199402,0.9946524500846864,1.0
6.025716120377183,0.9834076762199402,0.9946524500846864,1.0
6.040244735777378,0.9834076762199402,0.9946524500846864,1.0
6.054850297048688,0.9834076762199402,0.9946524500846864,1.0
6.06941416952759,0.9834076762199402,0.9946524500846864,1.0
6.083993065170944,0.9834076762199402,0.9946524500846864,1.0
6.09856250602752,0.9834076762199402,0.9946524500846864,1.0
6.113146394491196,0.9834076762199402,0.9946524500846864,1.0
6.127710001543164,0.9834076762199402,0.9946524500846864,1.0
6.14227778557688,0.9834076762199402,0.9946524500846864,1.0
6.156858888454735,0.9834076762199402,0.9946524500846864,1.0
6.171430561691523,0.9834076762199402,0.9946524500846864,1.0
6.186006962321699,0.9834076762199402,0.9946524500846864,1.0
6.200576665811241,0.9834076762199402,0.9946524500846864,1.0
6.215158897452056,0.9834076762199402,0.9946524500846864,1.0
6.22973779309541,0.9834076762199402,0.9946524500846864,1.0
6.24432722479105,0.9834076762199402,0.9946524500846864,1.0
6.2589050168171525,0.9834076762199402,0.9946524500846864,1.0
6.273485857062042,0.9834076762199402,0.9946524500846864,1.0
6.288086112588644,0.9834076762199402,0.9946524500846864,1.0
6.302663616836071,0.9834076762199402,0.9946524500846864,1.0
6.317257801070809,0.9834076762199402,0.9946524500846864,1.0
6.33183223195374,0.9834076762199402,0.9946524500846864,1.0
6.346391689963639,0.9834076762199402,0.9946524500846864,1.0
6.360977785661817,0.9834076762199402,0.9946524500846864,1.0
6.375569737516344,0.9834076762199402,0.9946524500846864,1.0
6.390158065594733,0.9834076762199402,0.9946524500846864,1.0
6.404756689444184,0.9834076762199402,0.9946524500846864,1.0
6.419349744915962,0.9834076762199402,0.9946524500846864,1.0
6.4339705696329474,0.9834076762199402,0.9946524500846864,1.0
6.448554745875299,0.9834076762199402,0.9946524500846864,1.0
6.463149745948613,0.9834076762199402,0.9946524500846864,1.0
6.47774222586304,0.9834076762199402,0.9946524500846864,1.0
6.492352777160704,0.9834076762199402,0.9946524500846864,1.0
6.506945016793907,0.9834076762199402,0.9946524500846864,1.0
6.521547242067754,0.9834076762199402,0.9946524500846864,1.0
6.536145290359855,0.9834076762199402,0.9946524500846864,1.0
6.550759177654982,0.9834076762199402,0.9946524500846864,1.0
6.565342800691724,0.9834076762199402,0.9946524500846864,1.0
6.579948912374675,0.9834076762199402,0.9946524500846864,1.0
6.5945611204952,0.9834076762199402,0.9946524500846864,1.0
6.609170833602548,0.9834076762199402,0.9946524500846864,1.0
6.623784170486033,0.9834076762199402,0.9946524500846864,1.0
6.638395850546658,0.9834076762199402,0.9946524500846864,1.0
6.652973617427051,0.9834076762199402,0.9946524500846864,1.0
6.667591944336891,0.9834076762199402,0.9946524500846864,1.0
6.682200288400054,0.9834076762199402,0.9946524500846864,1.0
6.696817777119577,0.9834076762199402,0.9946524500846864,1.0
6.711441960185766,0.9834076762199402,0.9946524500846864,1.0
6.726056112907827,0.9834076762199402,0.9946524500846864,1.0
6.740676672197878,0.9834076762199402,0.9946524500846864,1.0
6.755300017073751,0.9834076762199402,0.9946524500846864,1.0
6.769936130382121,0.9834076762199402,0.9946524500846864,1.0
6.784594729542732,0.9834076762199402,0.9946524500846864,1.0
6.799223064444959,0.9834076762199402,0.9946524500846864,1.0
6.813861960545182,0.9834076762199402,0.9946524500846864,1.0
6.828475297428668,0.98340106010437,0.9946524500846864,1.0
6.84310613013804,0.983357071876526,0.9946524500846864,1.0
6.857716681435704,0.9832780957221984,0.9946524500846864,1.0
6.872341392561793,0.983168125152588,0.9946524500846864,1.0
6.886958906427026,0.9830312132835388,0.9946524500846864,1.0
6.901589448563755,0.9828714728355408,0.9946524500846864,1.0
6.916221122257412,0.9826929569244384,0.9946524500846864,1.0
6.930870288982987,0.9824995398521424,0.9946524500846864,1.0
6.945489456877112,0.9822942018508912,0.9946524500846864,1.0
6.9601194486022,0.9820799231529236,0.9946524500846864,1.0
6.9747463921085,0.9818590879440308,0.9946524500846864,1.0
6.989396399818361,0.981634259223938,0.9941867589950562,1.0
7.004040000960231,0.9814077019691468,0.9931489825248718,1.0
7.018669730052352,0.9811811447143556,0.9921513199806212,1.0
7.033292233943939,0.9809545278549194,0.9913253784179688,1.0
7.047918889671564,0.9807279706001282,0.9905039072036744,1.0
7.0625391863286495,0.9805014133453368,0.9898040890693665,1.0
7.077165842056274,0.9802748560905457,0.9895280003547668,1.0
7.0917902905493975,0.9800482988357544,0.9893429279327391,1.0
7.106428896076977,0.9798217415809632,0.989178478717804,1.0
7.121058071963489,0.979595184326172,0.9890868663787842,1.0
7.135721689090133,0.9793752431869508,0.9890868663787842,1.0
7.150345296598971,0.9791926145553588,0.9890868663787842,1.0
7.164985849522054,0.979045033454895,0.9890868663787842,1.0
7.179613346233964,0.9789284467697144,0.9890868663787842,1.0
7.194251113571227,0.9788388609886168,0.9890868663787842,1.0
7.208878632634878,0.9787720441818236,0.9890868663787842,1.0
7.223495280370116,0.97872394323349,0.9890868663787842,1.0
7.238128057681024,0.9786908030509948,0.9890868663787842,1.0
7.252762514166534,0.9786591529846193,0.9890868663787842,1.0
7.2673966800794,0.9786235094070436,0.9890868663787842,1.0
7.282035841606557,0.978581428527832,0.9890868663787842,1.0
7.296678889542818,0.9785304069519044,0.9890868663787842,1.0
7.311318623833358,0.978468120098114,0.9890868663787842,1.0
7.325958888977766,0.9783934354782104,0.9890868663787842,1.0
7.340601962059736,0.9783071875572203,0.9890868663787842,1.0
7.355248345993459,0.9782106280326844,0.9890868663787842,1.0
7.369888896122575,0.9781053066253662,0.9890868663787842,1.0
7.384528057649732,0.9779927730560304,0.9890868663787842,1.0
7.399172234348953,0.977875590324402,0.9890868663787842,1.0
7.413852506317198,0.9777557849884032,0.9890868663787842,1.0
7.428490296006203,0.977635383605957,0.9890868663787842,1.0
7.443151680752635,0.9775149822235109,0.9890868663787842,1.0
7.45777833648026,0.9773945212364196,0.9890868663787842,1.0
7.472420018166304,0.9772741198539734,0.9890868663787842,1.0
7.487065007910132,0.9771536588668824,0.9889212250709534,1.0
7.501719458028674,0.977033257484436,0.9884303212165833,1.0
7.516375562176108,0.976912796497345,0.9879617094993592,1.0
7.531036681495607,0.9767923951148988,0.987685203552246,1.0
7.545685010030866,0.9766719937324524,0.987630307674408,1.0
7.560338616371155,0.976561963558197,0.9875938296318054,1.0
7.575031394138932,0.9764649271965028,0.9875938296318054,1.0
7.589684737846255,0.9763808250427246,0.9875938296318054,1.0
7.604355001822114,0.9763097167015076,0.9875938296318054,1.0
7.619006113149226,0.9762516021728516,0.9875938296318054,1.0
7.633668336085975,0.976205825805664,0.9875938296318054,1.0
7.648325281217694,0.976171612739563,0.9875938296318054,1.0
7.662994176149368,0.9761477708816528,0.9875938296318054,1.0
7.677666960284114,0.9761326909065248,0.9875938296318054,1.0
7.692325296811759,0.9761247634887696,0.9875938296318054,1.0
7.706991121172905,0.9761215448379515,0.9875938296318054,1.0
7.721656129695475,0.9761208891868592,0.9875938296318054,1.0
7.7363258404657245,0.976106822490692,0.9875938296318054,1.0
7.750990561209619,0.9760512113571168,0.9875938296318054,1.0
7.765661400742829,0.9759480357170104,0.9875938296318054,1.0
7.78033500071615,0.9757913947105408,0.9875938296318054,1.0
7.795006393454969,0.9755752682685852,0.9875938296318054,1.0
7.809676129370928,0.975293755531311,0.9875938296318054,1.0
7.824339455924928,0.9749418497085572,0.9875938296318054,1.0
7.839004176668823,0.9745143055915833,0.9875938296318054,1.0
7.853713056072593,0.9740057587623596,0.9875938296318054,1.0
7.868374728597701,0.9734110832214355,0.9875938296318054,1.0
7.883045280352235,0.9727270603179932,0.9875938296318054,1.0
7.897704745642841,0.971950888633728,0.9875938296318054,1.0
7.91235835198313,0.9710842967033386,0.9875938296318054,1.0
7.927031951956451,0.9701296091079712,0.9875938296318054,1.0
7.9417047360911965,0.9690899848937988,0.987307071685791,1.0
7.956375578418374,0.9679688215255736,0.9857063293457032,1.0
7.971041953191161,0.9667698740959167,0.9840761423110962,1.0
18.714920832775533,0.9654967188835144,0.9819930195808412,0.9915579557418824
18.729224737733603,0.9641541242599488,0.979832112789154,1.0
18.743592504411936,0.9627491235733032,0.9776290655136108,1.0
18.75791167281568,0.9612887501716614,0.975425899028778,0.9947420954704284
18.77229696046561,0.9597943425178528,0.973214864730835,0.9952760338783264
18.78666835371405,0.9583006501197816,0.9709667563438416,1.0
18.801026665605605,0.9568209648132324,0.9687187075614928,1.0
18.815351402387023,0.9553687572479248,0.9664707183837892,0.9920743703842164
18.82974890526384,0.9539576172828674,0.9642365574836732,0.9887375831604004
18.84410416893661,0.9526011347770692,0.9620060920715332,0.9867389798164368
18.85843056254089,0.951312243938446,0.9596792459487916,0.9826849102973938
18.872807521373037,0.9500990509986876,0.9573524594306946,0.9803674817085266
18.88713696040213,0.9489668607711792,0.95506489276886,0.9823357462882996
18.90153389051557,0.9479207396507264,0.9536511898040771,0.980971097946167
18.91586306411773,0.9469640254974364,0.9523879885673524,0.9775660634040833
18.93022111337632,0.9460994005203248,0.9517574310302734,0.9783745408058168
18.944620560854677,0.945325255393982,0.9511714577674866,0.977177083492279
18.958954464644197,0.9446391463279724,0.950613021850586,0.9745338559150696
18.97331556212157,0.9440380334854126,0.9505313634872437,0.9764102697372437
18.98771640099585,0.9435184001922609,0.9504559636116028,0.9754043817520142
19.00204888824373,0.9430766105651855,0.9504559636116028,0.9729254841804504
19.0164050180465,0.9427089691162108,0.9504559636116028,0.9739031791687012
19.03077168110758,0.9424107670783995,0.9504559636116028,0.9734230041503906
19.045132225379348,0.942175030708313,0.9504559636116028,0.9741225838661194
19.05949946399778,0.941994607448578,0.9504559636116028,0.9726538062095642
19.07388861849904,0.9418623447418212,0.9504559636116028,0.9700005650520324
19.08822722453624,0.9417709112167358,0.9504559636116028,0.9727348685264589
19.10259611997753,0.9417129158973694,0.9504559636116028,0.9714962244033812
19.116960000246763,0.9416810274124146,0.9504559636116028,0.9715652465820312
19.13133028987795,0.9416675567626952,0.9504559636116028,0.9714441895484924
19.14569944795221,0.9416647553443908,0.9504559636116028,0.9690784811973572
19.16006222460419,0.9416647553443908,0.9504559636116028,0.970629870891571
19.174466114491224,0.9416647553443908,0.9504559636116028,0.9705727100372314
19.188803354278207,0.9416647553443908,0.9504559636116028,0.968763530254364
19.203169176355004,0.9416647553443908,0.9504559636116028,0.9704410433769226
19.21754251420498,0.9416647553443908,0.9504559636116028,0.9695168137550354
19.231931400485337,0.9416647553443908,0.9504559636116028,0.9676746129989624
19.246275577694178,0.9416647553443908,0.9504559636116028,0.9705451130867004
19.260648074559867,0.9416647553443908,0.9504559636116028,0.9691455364227296
19.27503890544176,0.9416647553443908,0.9504559636116028,0.9668899774551392
19.28938778489828,0.9416647553443908,0.9504559636116028,0.9685502052307128
19.30376445595175,0.9416647553443908,0.9504559636116028,0.967731475830078
19.318126682192087,0.9416647553443908,0.9504559636116028,0.9683858156204224
19.332535296678543,0.9416647553443908,0.9504559636116028,0.9677952527999878
19.34689862653613,0.9416647553443908,0.9504559636116028,0.9663525223731996
19.36125057656318,0.9416647553443908,0.9504559636116028,0.9676109552383424
19.375627513043582,0.9416647553443908,0.9504559636116028,0.9673227071762084
19.389994729310278,0.9416647553443908,0.9504559636116028,0.9685265421867372
19.40440168976784,0.9416647553443908,0.9504559636116028,0.9682064056396484
19.418742240406573,0.9416647553443908,0.9504559636116028,0.9662542343139648
19.43311084806919,0.9416647553443908,0.9504559636116028,0.9680301547050476
19.447488337755203,0.9416647553443908,0.9504559636116028,0.9669662714004515
19.461869448423386,0.9416647553443908,0.9504559636116028,0.9651893377304076
19.47623611427844,0.9416647553443908,0.9504559636116028,0.9684125781059264
19.490648617967963,0.9416647553443908,0.9504559636116028,0.9676689505577089
19.50498945638537,0.9416647553443908,0.9504559636116028,0.9657371044158936
19.51935472805053,0.9416647553443908,0.9504559636116028,0.9667217135429382
19.53376833815128,0.9416647553443908,0.9504559636116028,0.9668989181518556
19.548108626157045,0.9416647553443908,0.9504559636116028,0.965557873249054
19.562477784231305,0.9416647553443908,0.9504559636116028,0.9669575691223145
19.57686028908938,0.9416647553443908,0.9504559636116028,0.9663673043251038
19.59126057755202,0.9416647553443908,0.9504559636116028,0.9645506143569946
19.60565028246492,0.9416647553443908,0.9504559636116028,0.966573178768158
19.62001305632293,0.9416647553443908,0.9504559636116028,0.9665704369544984
19.6343661127612,0.9416647553443908,0.9504559636116028,0.966301679611206
19.64875473640859,0.9416647553443908,0.9504559636116028,0.965355396270752
19.663128912448883,0.9416647553443908,0.9504559636116028,0.9667918682098388
19.677549169398844,0.9416647553443908,0.9504559636116028,0.9669862985610962
19.691895288415253,0.9416647553443908,0.9504559636116028,0.9653527736663818
19.70626473706216,0.9416647553443908,0.9504559636116028,0.9669569730758668
19.72064695414156,0.9416647553443908,0.9504559636116028,0.966239333152771
19.73504779301584,0.9416647553443908,0.9504559636116028,0.964923083782196
19.749403056688607,0.9416647553443908,0.9504559636116028,0.9678513407707214
19.763783904723823,0.9416647553443908,0.9504559636116028,0.9664983749389648
19.778185562230647,0.9416647553443908,0.9504559636116028,0.9649791121482848
19.79254029784352,0.9416647553443908,0.9504559636116028,0.9673712253570556
19.806945288553838,0.9416647553443908,0.9504559636116028,0.967000424861908
19.821303337812424,0.9416647553443908,0.9504559636116028,0.9670045971870422
19.835686130449176,0.9416647553443908,0.9504559636116028,0.965973734855652
19.85008833836764,0.9416647553443908,0.9504559636116028,0.9647901654243468
19.864447513595223,0.9416647553443908,0.9504559636116028,0.9671733379364014
19.87883251346648,0.9416647553443908,0.9504559636116028,0.9663063883781432
19.8932102881372,0.9416647553443908,0.9504559636116028,0.9666587114334106
19.907598073594272,0.9416647553443908,0.9504559636116028,0.9662413001060486
19.92197361588478,0.9416647553443908,0.9504559636116028,0.966644048690796
19.936400832608346,0.9416647553443908,0.9504559636116028,0.9672161936759948
19.950755280442536,0.9416647553443908,0.9504559636116028,0.9654382467269896
19.96513833850622,0.9416647553443908,0.9504559636116028,0.96732360124588
19.979522785171863,0.9416647553443908,0.9504559636116028,0.96666157245636
19.99392612185329,0.9416647553443908,0.9504559636116028,0.9650289416313172
20.008285850286484,0.9416647553443908,0.9504559636116028,0.9675632119178772
20.02267473656684,0.9416647553443908,0.9504559636116028,0.9666877388954164
20.03705556225032,0.9416647553443908,0.9504559636116028,0.9672131538391112
20.05144029669464,0.9416647553443908,0.9504559636116028,0.9675610065460204
20.065827503800392,0.9416647553443908,0.9504559636116028,0.965400457382202
20.080209458246827,0.9416647553443908,0.9504559636116028,0.9673642516136168
20.09463612176478,0.9416647553443908,0.9504559636116028,0.9676634669303894
20.1089919609949,0.9416647553443908,0.9504559636116028,0.9656749963760376
20.12337278388441,0.9416647553443908,0.9504559636116028,0.9677078723907472
20.13776779454201,0.9416647553443908,0.9504559636116028,0.9678462743759156
20.15216083265841,0.9416647553443908,0.9504559636116028,0.9656415581703186
20.16654612030834,0.9416647553443908,0.9504559636116028,0.9669870734214784
20.18093805760145,0.9416647553443908,0.9504559636116028,0.9666160941123962
20.19532279204577,0.9416647553443908,0.9504559636116028,0.9670246243476868
20.20971446391195,0.9416647553443908,0.9504559636116028,0.966447114944458
20.224097784608603,0.9416647553443908,0.9504559636116028,0.9664899110794068
20.238522506318983,0.9416647553443908,0.9504559636116028,0.967356264591217
20.252904457971454,0.9416647553443908,0.9504559636116028,0.9651554822921752
20.267267785035077,0.9416647553443908,0.9504559636116028,0.9664781093597412
20.28166557848453,0.9416647553443908,0.9504559636116028,0.96635901927948
20.29605223238468,0.9416647553443908,0.9504559636116028,0.9676506519317628
20.310481128282845,0.9416647553443908,0.9504559636116028,0.9677156805992126
20.32484140992165,0.9416647553443908,0.9504559636116028,0.9659544229507446
20.33923000842333,0.9416647553443908,0.9504559636116028,0.9678359031677246
20.353656409308314,0.9416647553443908,0.9504559636116028,0.9677295088768004
20.36802333779633,0.9416647553443908,0.9504559636116028,0.966262936592102
20.382413906045254,0.9416647553443908,0.9504559636116028,0.9676275253295898
20.396845850162208,0.9416647553443908,0.9504559636116028,0.9678521156311036
20.41120973043144,0.9416647553443908,0.9504559636116028,0.9661220908164978
20.425602240487933,0.9416647553443908,0.9504559636116028,0.9672979712486268
20.440034184604883,0.9416647553443908,0.9504559636116028,0.9675502777099608
20.45439528208226,0.9416647553443908,0.9504559636116028,0.966256856918335
20.468786688521504,0.9416647553443908,0.9504559636116028,0.96807599067688
20.48321834485978,0.9416647553443908,0.9504559636116028,0.967391550540924
20.497598617337644,0.9416647553443908,0.9504559636116028,0.965293824672699
20.51196861639619,0.9416647553443908,0.9504559636116028,0.966224491596222
20.526368354447182,0.9416647553443908,0.9504559636116028,0.9659090042114258
20.54076139256358,0.9416647553443908,0.9504559636116028,0.9667205214500428
20.55516168102622,0.9416647553443908,0.9504559636116028,0.9661866426467896
20.569556954316795,0.9416647553443908,0.9504559636116028,0.9665719866752625
20.58399278484285,0.9416647553443908,0.9504559636116028,0.9669800996780396
20.59835863206536,0.9416647553443908,0.9504559636116028,0.9650214910507202
20.61275222618133,0.9416647553443908,0.9504559636116028,0.9668819904327391
20.62715306505561,0.9416647553443908,0.9504559636116028,0.9660527110099792
20.641574447974563,0.9416647553443908,0.9504559636116028,0.9646018743515016
20.6559528009966,0.9416647553443908,0.9504559636116028,0.967418134212494
20.670354458503425,0.9416647553443908,0.9504559636116028,0.9671208262443542
20.684750016778708,0.9416647553443908,0.9504559636116028,0.9678054451942444
20.69915863405913,0.9416647553443908,0.9504559636116028,0.96718567609787
20.713565569370985,0.9416647553443908,0.9504559636116028,0.9646929502487184
20.727966961450875,0.9416647553443908,0.9504559636116028,0.966915726661682
20.7424050020054,0.9416647553443908,0.9504559636116028,0.9672158360481262
20.75678390543908,0.9416647553443908,0.9504559636116028,0.9653326869010924
20.77118306513876,0.9416647553443908,0.9504559636116028,0.967524528503418
20.7856219438836,0.9416647553443908,0.9504559636116028,0.9674726128578186
20.800012512132525,0.9416647553443908,0.9504559636116028,0.9660367369651794
20.814393337816,0.9416647553443908,0.9504559636116028,0.9671974182128906
20.828798616304997,0.9416647553443908,0.9504559636116028,0.9668720364570618
20.84319585654885,0.9416647553443908,0.9504559636116028,0.9672783613204956
20.857604186050597,0.9416647553443908,0.9504559636116028,0.9668025374412536
20.87203250639141,0.9416647553443908,0.9504559636116028,0.9653697609901428
20.88641529623419,0.9416647553443908,0.9504559636116028,0.9674041867256165
20.90082084015012,0.9416647553443908,0.9504559636116028,0.9665673971176147
20.915223073214293,0.9416647553443908,0.9504559636116028,0.9672611355781556
20.92966973036528,0.9416647553443908,0.9504559636116028,0.967120885848999
20.94406723324209,0.9416647553443908,0.9504559636116028,0.965255081653595
20.958453624509275,0.9416647553443908,0.9504559636116028,0.9661806225776672
20.972864186391234,0.9416647553443908,0.9504559636116028,0.9665408134460448
20.987295001745224,0.9416647553443908,0.9504559636116028,0.9657835364341736
21.00168000161648,0.9416647553443908,0.9504559636116028,0.9676930904388428
21.016090848483145,0.9416647553443908,0.9504559636116028,0.967081904411316
21.03052140120417,0.9416647553443908,0.9504559636116028,0.9659085869789124
21.04490416869521,0.9416647553443908,0.9504559636116028,0.967868149280548
21.0593125205487,0.9416647553443908,0.9504559636116028,0.9666004180908204
21.07371806446463,0.9416647553443908,0.9504559636116028,0.966943621635437
21.088165850378573,0.9416647553443908,0.9504559636116028,0.966960310935974
21.10256474465132,0.9416647553443908,0.9504559636116028,0.965377390384674
21.11695111356676,0.9416647553443908,0.9504559636116028,0.9667366743087769
21.13136724103242,0.9416647553443908,0.9504559636116028,0.9666387438774108
21.145777512341738,0.9416647553443908,0.9504559636116028,0.9672814011573792
21.16019474621862,0.9416647553443908,0.9504559636116028,0.9667761325836182
21.174631680361927,0.9416647553443908,0.9504559636116028,0.9653913974761964
21.18902196083218,0.9416647553443908,0.9504559636116028,0.9679986834526062
21.203438065946106,0.9416647553443908,0.9504559636116028,0.9670754075050354
21.217847521416843,0.9416647553443908,0.9504559636116028,0.9677879810333252
21.23229696135968,0.9416647553443908,0.9504559636116028,0.9676326513290404
21.246681961230934,0.9416647553443908,0.9504559636116028,0.965648889541626
21.261089737527072,0.9416647553443908,0.9504559636116028,0.967387855052948
21.27554028108716,0.9416647553443908,0.9504559636116028,0.9678705334663392
21.289922232739627,0.9416647553443908,0.9504559636116028,0.9668220281600952
21.30433584004641,0.9416647553443908,0.9504559636116028,0.9681909680366516
21.318755018524826,0.9416647553443908,0.9504559636116028,0.967602550983429
21.33319445047528,0.9416647553443908,0.9504559636116028,0.96586936712265
21.34758917056024,0.9416647553443908,0.9504559636116028,0.968193531036377
21.362011129036546,0.9416647553443908,0.9504559636116028,0.9674132466316224
21.3764233449474,0.9416647553443908,0.9504559636116028,0.9672529101371764
21.390845018438995,0.9416647553443908,0.9504559636116028,0.9667615294456482
21.405282793566585,0.9416647553443908,0.9504559636116028,0.9654077887535096
21.41967528127134,0.9416647553443908,0.9504559636116028,0.9677364826202391
21.43409335333854,0.9416647553443908,0.9504559636116028,0.9670236706733704
21.44850861746818,0.9416647553443908,0.9504559636116028,0.9671036601066588
21.462930288165808,0.9416647553443908,0.9504559636116028,0.9664772748947144
21.47737195249647,0.9416647553443908,0.9504559636116028,0.9650988578796388
21.491770561784502,0.9416647553443908,0.9504559636116028,0.9676547646522522
21.50619223248213,0.9416647553443908,0.9504559636116028,0.967235505580902
21.520638073794544,0.9416647553443908,0.9504559636116028,0.9664067625999452
21.535037783905864,0.9416647553443908,0.9504559636116028,0.9680805206298828
21.54946195241064,0.9416647553443908,0.9504559636116028,0.96764475107193
21.563880289904773,0.9416647553443908,0.9504559636116028,0.96842759847641
21.578333065845072,0.9416647553443908,0.9504559636116028,0.9675083756446838
21.592716962099075,0.9416468143463136,0.9504559636116028,0.965587317943573
21.607132226228718,0.9415950775146484,0.9504559636116028,0.9682562947273254
21.62155752070248,0.9415143132209778,0.9504559636116028,0.9688546061515808
21.63598001003265,0.941408634185791,0.9504559636116028,0.9666263461112976
21.65039834473282,0.9412825703620912,0.9504559636116028,0.9680365920066832
21.66485750488937,0.941139817237854,0.9504559636116028,0.9682400822639464
21.679273056797683,0.9409841299057008,0.9504559636116028,0.9666630625724792
21.693670297041532,0.940819263458252,0.9504559636116028,0.9677563309669496
21.70809446554631,0.9406489729881288,0.9504559636116028,0.967393696308136
21.72251723986119,0.9404769539833068,0.9504559636116028,0.9683704972267152
21.73694083280861,0.9403049349784852,0.9502801299095154,0.9676243662834167
21.751386674121022,0.940132975578308,0.9491221308708192,0.964692771434784
21.76579723320901,0.9399609565734864,0.9481616616249084,0.9660176038742064
21.78022528812289,0.9397889375686646,0.9478793740272522,0.9649008512496948
21.794647777453065,0.9396169185638428,0.9478793740272522,0.9650641679763794
21.80908029712737,0.9394449591636658,0.9478793740272522,0.9644577503204346
21.823503624647856,0.939272940158844,0.9478793740272522,0.964964747428894
21.83796640858054,0.9391009211540222,0.9478793740272522,0.9652251601219176
21.852364176884294,0.9389289021492004,0.9478793740272522,0.9634718298912048
21.86678779218346,0.9387569427490234,0.9478793740272522,0.965672731399536
21.881247505545616,0.9385849237442015,0.9478793740272522,0.9658827185630798
21.895645561628044,0.938430905342102,0.9478793740272522,0.9644531607627868
21.91007361654192,0.9383105635643004,0.9478793740272522,0.9657430052757264
21.92450918443501,0.9382193684577942,0.9478793740272522,0.96527361869812
21.93893529754132,0.9381529688835144,0.9478793740272522,0.9661553502082824
21.95336889848113,0.9381070733070374,0.9478793740272522,0.9655161499977112
21.967793351970613,0.9380778074264526,0.9478793740272522,0.965150773525238
21.982258633710444,0.9380614757537842,0.9478793740272522,0.9659013748168944
21.996657240204517,0.938054382801056,0.9478793740272522,0.9640340805053712
22.01108640152961,0.9380526542663574,0.9478793740272522,0.9658125042915344
22.0255188960582,0.9380526542663574,0.9478793740272522,0.9650791883468628
22.0399458501488,0.9380526542663574,0.9478793740272522,0.9655347466468812
22.05440889671445,0.9380526542663574,0.9478793740272522,0.9661123752593994
22.068810841999948,0.9380526542663574,0.9478793740272522,0.9646278619766236
22.08324112929404,0.9380526542663574,0.9478793740272522,0.9662389755249025
22.097671944648027,0.9380526542663574,0.9478793740272522,0.9654761552810668
22.112130001187325,0.9380526542663574,0.9478793740272522,0.963919997215271
22.12653974443674,0.9380526542663574,0.9478793740272522,0.9661856889724731
22.14097418636084,0.9380526542663574,0.9478793740272522,0.9652459621429444
22.15540946647525,0.9380526542663574,0.9478793740272522,0.9651983380317688
22.169879738241438,0.9380526542663574,0.9478793740272522,0.9655419588088988
22.18428528215736,0.9380526542663574,0.9478793740272522,0.9645238518714904
22.198716119863093,0.9380526542663574,0.9478793740272522,0.9657545685768129
22.213153056800365,0.9380526542663574,0.9478793740272522,0.9649026989936828
22.22758363187313,0.9380526542663574,0.9478793740272522,0.9658171534538268
22.242023354396224,0.9380526542663574,0.9478793740272522,0.967016577720642
22.25646307412535,0.9380526542663574,0.9478793740272522,0.9643815159797668
22.270892520435154,0.9380526542663574,0.9478793740272522,0.9652370810508728
22.285326121374965,0.9380526542663574,0.9478793740272522,0.9650750160217284
22.2997611137107,0.9380526542663574,0.9478793740272522,0.9658824801445008
22.314230569638312,0.9380526542663574,0.9478793740272522,0.9662925601005554
22.32865667995065,0.9380526542663574,0.9478793740272522,0.9640783071517944
22.343074729666117,0.9380526542663574,0.9478793740272522,0.9652390480041504
22.35751723218709,0.9380526542663574,0.9478793740272522,0.9651468992233276
22.371950570493937,0.9380526542663574,0.9478793740272522,0.9662010669708252
22.38642362505197,0.9380526542663574,0.9478793740272522,0.965924859046936
22.400854177773,0.9380526542663574,0.9478793740272522,0.9637580513954164
22.415268072858453,0.9380526542663574,0.9478793740272522,0.9651638269424438
22.4297105781734,0.9380474090576172,0.9478793740272522,0.9649792909622192
22.44414835330099,0.9380026459693908,0.9478793740272522,0.9659853577613832
22.458593904040757,0.9379178285598756,0.9478793740272522,0.9664323329925536
22.47303916979581,0.9377934336662292,0.9478793740272522,0.9640308618545532
22.487477520480752,0.937629759311676,0.9478793740272522,0.9660939574241638
22.501954464241862,0.9374271631240844,0.9478793740272522,0.9662799835205078
22.51636917795986,0.9371864199638368,0.9478793740272522,0.964368462562561
22.53080779407173,0.9369088411331176,0.9478793740272522,0.9655219316482544
22.54525363259017,0.9365956783294678,0.9478793740272522,0.96514093875885
22.55969973653555,0.9362480640411376,0.9478793740272522,0.9657392501831056
22.57414168864489,0.935867190361023,0.9478793740272522,0.965283453464508
22.58860833663493,0.93545401096344,0.9478793740272522,0.9637004137039183
22.60302777774632,0.9350101351737976,0.9478793740272522,0.9661738276481628
22.617469464428723,0.9345369338989258,0.9475989937782288,0.9650513529777528
22.631910578347743,0.9340357780456544,0.9468562006950378,0.9646191000938416
22.64635305851698,0.933507800102234,0.9461405873298644,0.9628148078918456
22.66082555986941,0.9329545497894288,0.9454291462898254,0.9603042602539062
22.67524752113968,0.9323775768280028,0.9446600079536438,0.9625167846679688
22.689697776921093,0.9317787289619446,0.9438449144363404,0.9613244533538818
22.704142224043608,0.9311598539352416,0.9431186318397522,0.9614524841308594
22.71861974615604,0.9305225014686584,0.9421041011810304,0.959801197052002
22.733043073676527,0.9298750758171082,0.9414530396461488,0.9574292302131652
22.74748667981476,0.9292543530464172,0.9410010576248168,0.9589839577674866
22.761934177950025,0.9286628365516664,0.94054114818573,0.9577451348304749
22.77640668209642,0.928102433681488,0.940056324005127,0.9557790160179138
22.790830297395587,0.9275746941566468,0.939571499824524,0.9581384658813475
22.80527695454657,0.9270811676979064,0.9390665888786316,0.957200288772583
22.81972168944776,0.9266231060028076,0.938561737537384,0.9565628170967102
22.8341711293906,0.9262011647224426,0.9380341172218324,0.9553666710853576
22.848614738322794,0.9258148670196532,0.9374982714653016,0.9549767374992372
22.863064728677276,0.9254629611968994,0.9369518160820008,0.9542837738990784
22.877510016784072,0.925144374370575,0.936421513557434,0.954414963722229
22.891958065330986,0.924858033657074,0.9360158443450928,0.9538114070892334
22.90643361769617,0.9246024489402772,0.9356548190116882,0.951393723487854
22.92086834460497,0.9243761301040648,0.9352946877479552,0.9540709257125854
22.93531972914934,0.9241777658462524,0.9349959492683412,0.9532762169837952
22.949770560488105,0.9240062832832336,0.9348204731941224,0.952973484992981
22.964228063821796,0.9238600134849548,0.9346598982810974,0.9519166946411132
22.978704169392586,0.9237374663352966,0.9346532821655272,0.950623631477356
22.993135560303926,0.923636794090271,0.9346532821655272,0.9530522227287292
23.007588889449835,0.9235562086105348,0.9346532821655272,0.9527798891067504
23.022038904950023,0.923494040966034,0.9346532821655272,0.9536392092704772
23.036494466476142,0.9234472513198853,0.9346532821655272,0.9522116780281068
23.05097196064889,0.9234132766723632,0.9346532821655272,0.950383722782135
23.06541168037802,0.9233900308609008,0.9346532821655272,0.9531206488609314
23.07986668869853,0.923375368118286,0.9346532821655272,0.9524354934692384
23.094317232258614,0.9233673214912416,0.9346532821655272,0.9534531831741332
23.10880499985069,0.9233639240264891,0.9346532821655272,0.953139305114746
23.123251682147384,0.923363208770752,0.9346532821655272,0.9516164064407348
23.137683073058724,0.923363208770752,0.9346532821655272,0.9528200030326844
23.15213611442596,0.923363208770752,0.9346532821655272,0.9524776339530944
23.166588337160647,0.923363208770752,0.9346532821655272,0.9538071751594543
23.18108306452632,0.923363208770752,0.9346532821655272,0.9535712003707886
23.19552945625037,0.923363208770752,0.9346532821655272,0.9514240026474
23.209963898174465,0.923363208770752,0.9346532821655272,0.9527977705001832
23.224420848302543,0.923363208770752,0.9346532821655272,0.9525656700134276
23.23887780122459,0.923363208770752,0.9346532821655272,0.9535792469978333
23.25333446636796,0.923363208770752,0.9346532821655272,0.9525151252746582
23.26781834475696,0.923363208770752,0.9346532821655272,0.9502738118171692
23.282255281694237,0.923363208770752,0.9346532821655272,0.9532103538513184
23.29671168141067,0.923363208770752,0.9346532821655272,0.9525960087776184
23.31116750556976,0.923363208770752,0.9346532821655272,0.9530977010726928
23.32566388975829,0.923363208770752,0.9346532821655272,0.952524721622467
23.34009528066963,0.923363208770752,0.9346532821655272,0.9509770274162292
23.354550001211464,0.923363208770752,0.9346532821655272,0.9535872340202332
23.36904112994671,0.923363208770752,0.9346532821655272,0.9533254504203796
23.38349028211087,0.923363208770752,0.9346532821655272,0.9516570568084716
23.39792779181153,0.923363208770752,0.9346532821655272,0.9528367519378662
23.412390287965536,0.923363208770752,0.9346532821655272,0.952615201473236
23.426848344504837,0.923363208770752,0.9346532821655272,0.9538401365280152
23.4413102902472,0.923363208770752,0.9346532821655272,0.952742874622345
23.45579611323774,0.923363208770752,0.9346532821655272,0.9505040049552916
23.470265281386677,0.923363208770752,0.9346532821655272,0.9528123140335084
23.48470056150109,0.923363208770752,0.9346532821655272,0.9524056911468506
23.49915751442313,0.923363208770752,0.9346532821655272,0.9529539346694946
23.51362140197307,0.923363208770752,0.9346532821655272,0.9519281983375548
23.52810835372657,0.923363208770752,0.9346532821655272,0.9505661725997924
23.54254752025008,0.923363208770752,0.9346532821655272,0.95295387506485
23.557013352401555,0.923363208770752,0.9346532821655272,0.952219545841217
23.5714708333835,0.923363208770752,0.9346532821655272,0.9523992538452148
23.585933064110577,0.923363208770752,0.9346532821655272,0.9516918063163756
23.600420281291008,0.923363208770752,0.9346532821655272,0.950364112854004
23.61486611980945,0.923363208770752,0.9346532821655272,0.9528616666793824
23.62933917716145,0.923363208770752,0.9346532821655272,0.9521799087524414
23.64380196109414,0.923363208770752,0.9346532821655272,0.95291930437088
23.658267793245614,0.923363208770752,0.9346532821655272,0.9517651200294496
23.672731946222484,0.923363208770752,0.9346532821655272,0.9518958926200868
23.687236681580544,0.9233614802360536,0.9346532821655272,0.9529592990875244
23.701677792705595,0.923346996307373,0.9346532821655272,0.95144122838974
23.71613724064082,0.9233231544494628,0.9346532821655272,0.9529135823249816
23.730606674216688,0.9232938885688782,0.9346532821655272,0.9527413249015808
23.74507029633969,0.9232633113861084,0.9346532821655272,0.9533944129943848
23.75954083353281,0.9232326745986938,0.9346532821655272,0.9527584314346312
23.774007794447243,0.9232020378112792,0.9346532821655272,0.9532325267791748
23.788510009646416,0.9231714010238647,0.9346532821655272,0.9535568356513976
23.802950279787183,0.9231407642364502,0.9346532821655272,0.9517838954925536
23.81741529610008,0.9231101274490356,0.9346532821655272,0.9537439346313475
23.831882522441447,0.9230794906616212,0.9346532821655272,0.9527621865272522
23.846352241002023,0.9230488538742064,0.9346532821655272,0.9534419178962708
23.860858345404267,0.9230182766914368,0.9344976544380188,0.9535786509513856
23.87530473712832,0.9229876399040222,0.9341696500778198,0.9511289000511168
23.889780839905143,0.9229570031166076,0.9338566064834596,0.9528070092201232
23.9042602814734,0.9229263663291932,0.9335671067237854,0.9517893195152284
23.91875556204468,0.9228957295417786,0.93340003490448,0.9500250816345216
23.93321251217276,0.922865092754364,0.93340003490448,0.9526379108428956
23.947688905522227,0.9228344559669496,0.93340003490448,0.9520533084869384
23.962160018272694,0.9228038787841796,0.93340003490448,0.9520485997200012
23.97663751244545,0.9227732419967652,0.93340003490448,0.9512502551078796
23.991111673414707,0.9227443337440492,0.93340003490448,0.9516311287879944
24.005621689371765,0.9227281808853148,0.93340003490448,0.9519892930984496
24.020089466124773,0.9227214455604552,0.93340003490448,0.9500427842140198
24.034547519870102,0.9227200150489808,0.93340003490448,0.9513448476791382
24.04902446642518,0.9227200150489808,0.93340003490448,0.9512606263160706
24.06350889801979,0.9227200150489808,0.93340003490448,0.9523958563804626
24.078019729815423,0.9227200150489808,0.93340003490448,0.9524239897727966
24.09249223396182,0.9227200150489808,0.93340003490448,0.9504510164260864
24.106953335925937,0.9227200150489808,0.93340003490448,0.9514864683151244
24.12143251206726,0.922684133052826,0.93340003490448,0.9510899186134338
24.13591334503144,0.9226047396659852,0.93340003490448,0.9524747729301452
24.15042501781136,0.9224810600280762,0.93340003490448,0.9525011777877808
24.16489833779633,0.9223124384880066,0.93340003490448,0.9504293203353882
24.17935250513256,0.9220985770225524,0.93340003490448,0.9515035152435304
24.1938366740942,0.921840488910675,0.93340003490448,0.9513252377510072
24.20831779204309,0.9215391278266908,0.93340003490448,0.9524918794631958
24.222808345220983,0.9211956858634948,0.93340003490448,0.9527184963226318
24.237289178185165,0.9208117127418518,0.93340003490448,0.9503228068351746
24.251774185337126,0.9203890562057496,0.93340003490448,0.9516006708145142
24.266259170137342,0.9199296236038208,0.93340003490448,0.9513167142868042
24.280744465067983,0.9194355607032776,0.93340003490448,0.9520092010498048
24.29526446387172,0.9189101457595824,0.93340003490448,0.952717423439026
24.30972252041101,0.9183568358421326,0.932503342628479,0.9500676393508912
24.3242072397843,0.91777902841568,0.9309710264205932,0.9499335289001464
24.33869277779013,0.9171802997589112,0.9294387102127076,0.947510302066803
24.353205841965973,0.9165630340576172,0.9279063940048218,0.9446078538894652
24.3676744569093,0.9159296154975892,0.926374077796936,0.9456197023391724
24.382163065485656,0.9152825474739076,0.9252684712409972,0.9436925053596495
24.39665251225233,0.9146230816841124,0.924180805683136,0.9430930614471436
24.411175849847496,0.9139525890350342,0.923117220401764,0.9414200186729432
24.42563640139997,0.9133082628250122,0.9224485158920288,0.9388471841812134
24.440128058195118,0.912697970867157,0.9221182465553284,0.9405484199523926
24.454654728993773,0.9121220111846924,0.9218100905418396,0.9410206079483032
24.469117225147784,0.9115813374519348,0.9217023849487304,0.9398590922355652
24.483603889122605,0.9110755324363708,0.921600341796875,0.9411704540252686
24.49812777712941,0.9106028079986572,0.9215227365493774,0.9406867623329164
24.512595841661096,0.9101613759994508,0.9215165972709656,0.9390365481376648
24.52708473801613,0.909749150276184,0.9215165972709656,0.940665364265442
24.54157833661884,0.9093636870384216,0.9215165972709656,0.9397155046463012
24.556063634343445,0.9090024828910828,0.9215165972709656,0.9401583671569824
24.570589176379144,0.9086616039276124,0.9215165972709656,0.9405117034912108
24.585050568915904,0.9083372950553894,0.9215165972709656,0.9386763572692872
24.5995411220938,0.9080244898796082,0.9215165972709656,0.9403622150421144
24.614033904857934,0.9077181220054626,0.9215165972709656,0.9395287036895752
24.628527506254613,0.9074142575263976,0.9215165972709656,0.9401098489761353
24.643060008063912,0.9071093201637268,0.9212630391120912,0.940275490283966
24.657537505030632,0.9068020582199096,0.920794665813446,0.9382001161575316
24.67203446477652,0.9064910411834716,0.920324683189392,0.9394134283065796
24.68653833679855,0.9061750173568726,0.9198304414749146,0.9381365180015564
24.701069737784564,0.9058535695075988,0.9193224906921388,0.9364776015281676
24.715556952171028,0.9055266976356506,0.9188048839569092,0.9388993978500366
24.73006169032305,0.90519517660141,0.9182779788970948,0.937239944934845
24.744601945392787,0.90486079454422,0.9177460670471193,0.9348613619804382
24.75908251293004,0.9045260548591614,0.917527973651886,0.936402440071106
24.77358362451196,0.9041922688484192,0.917153775691986,0.9352721571922302
24.78811279311776,0.9038617610931396,0.9167795181274414,0.9337812066078186
24.80259890388697,0.9035372138023376,0.9164053201675416,0.9348709583282472
24.81710251327604,0.9032217860221864,0.9160311222076416,0.933765947818756
24.83161056227982,0.902918815612793,0.9156569242477416,0.9336583614349364
24.846118896268308,0.9026296138763428,0.9152827262878418,0.9330984354019164
24.860653633251783,0.902354896068573,0.9145163893699646,0.9310607314109802
24.87514305766672,0.9020965695381165,0.913750946521759,0.9326573610305786
24.889653073623776,0.9018563032150269,0.9129895567893982,0.9313828349113464
24.90415807440877,0.9016358852386476,0.9122384190559388,0.9310084581375122
24.91870888788253,0.9014369249343872,0.9120395183563232,0.9307665824890136
24.933205297216773,0.9012599587440492,0.9119830131530762,0.9296356439590454
24.947719177231196,0.9011049866676332,0.9119312763214112,0.9313587546348572
24.962265841662884,0.9009709358215332,0.911885678768158,0.9314519166946412
24.97675917763263,0.9008566737174988,0.911885678768158,0.9303165078163148
24.991274449042976,0.9007612466812134,0.911885678768158,0.931674599647522
25.005790296010677,0.9006834626197815,0.911885678768158,0.930898666381836
25.0203297380358,0.9006221890449524,0.911885678768158,0.929193377494812
25.034815007820725,0.9005753397941589,0.911885678768158,0.9318920373916626
25.04932723380625,0.900540828704834,0.911885678768158,0.9307458400726318
25.063863337039948,0.9005165100097656,0.911885678768158,0.9311557412147522
25.07841777708381,0.900501012802124,0.911885678768158,0.9309096932411194
25.09290307201445,0.9004924893379211,0.911885678768158,0.928778350353241
25.107423073612157,0.9004892706871033,0.911885678768158,0.9305366277694702
25.1219475120306,0.9004888534545898,0.911885678768158,0.9298303723335266
25.136477784253657,0.9004888534545898,0.911885678768158,0.9306440353393556
25.15104501787573,0.9004888534545898,0.911885678768158,0.9311037063598632
25.16554168984294,0.9004888534545898,0.911885678768158,0.9290415644645692
25.180076689459383,0.9004888534545898,0.911885678768158,0.9309050440788268
25.19459167309105,0.9004888534545898,0.911885678768158,0.9302396774291992
25.209136130288243,0.9004888534545898,0.911885678768158,0.9286481142044068
25.22362833749503,0.9004888534545898,0.911885678768158,0.9319308996200562
25.238159185275435,0.9004888534545898,0.911885678768158,0.930848240852356
25.25270556192845,0.9004888534545898,0.911885678768158,0.9286705255508424
25.26721888873726,0.9004888534545898,0.911885678768158,0.9308661222457886
25.281761401332915,0.9004888534545898,0.911885678768158,0.9303788542747498
25.296316391788423,0.9004888534545898,0.911885678768158,0.9291991591453552
25.310816111974415,0.9004888534545898,0.911885678768158,0.931277871131897
25.325346121564507,0.9004888534545898,0.911885678768158,0.9299312829971312
25.33991529699415,0.9004888534545898,0.911885678768158,0.928306519985199
25.35442973021418,0.9004888534545898,0.911885678768158,0.9304986000061036
25.36896362621337,0.9004888534545898,0.911885678768158,0.9300660490989684
25.383491112850606,0.9004888534545898,0.911885678768158,0.9306634068489076
25.398060841485854,0.9004888534545898,0.911885678768158,0.929999053478241
25.4125722264871,0.9004888534545898,0.911885678768158,0.9287188053131104
25.427113057114184,0.9004888534545898,0.911885678768158,0.9307404160499572
25.441637232899662,0.9004888534545898,0.911885678768158,0.9301522374153136
25.45617446489632,0.9004888534545898,0.911885678768158,0.9311262965202332
25.470720841549337,0.9004888534545898,0.911885678768158,0.9318785071372986
25.48526140954345,0.9004888534545898,0.911885678768158,0.9292569756507874
25.49979890417308,0.9004888534545898,0.911885678768158,0.9310690760612488
25.514351952821016,0.9004888534545898,0.911885678768158,0.9317108392715454
25.528883353807032,0.9004888534545898,0.911885678768158,0.9292996525764464
25.543421952053905,0.9004888534545898,0.911885678768158,0.93101567029953
25.557970298454165,0.9004888534545898,0.911885678768158,0.9316734671592712
25.57250640168786,0.9004888534545898,0.911885678768158,0.9294790029525756
25.587035570293665,0.9004888534545898,0.911885678768158,0.9311927556991576
25.601580002345145,0.9004888534545898,0.911885678768158,0.9318078756332396
25.61611279193312,0.9004888534545898,0.911885678768158,0.92938494682312
25.630674744956195,0.9004888534545898,0.911885678768158,0.929163694381714
25.64519001636654,0.9004888534545898,0.911885678768158,0.9312921762466432
25.65972751379013,0.9004888534545898,0.911885678768158,0.9305285811424256
25.674288888461888,0.9004888534545898,0.911885678768158,0.9291538000106812
25.688812513835728,0.9004888534545898,0.911885678768158,0.9304643869400024
25.703354185447097,0.9004888534545898,0.911885678768158,0.9294909238815308
25.717890288680792,0.9004888534545898,0.911885678768158,0.929424285888672
25.732430018484592,0.9004888534545898,0.911885678768158,0.9287641048431396
25.74697862472385,0.9004888534545898,0.911885678768158,0.9275183081626892
25.76152305677533,0.9004888534545898,0.911885678768158,0.9307209849357604
25.776099169626832,0.9004888534545898,0.911885678768158,0.9300323128700256
25.790611968375742,0.9004888534545898,0.911885678768158,0.9286702871322632
25.80515361763537,0.9004888534545898,0.911885678768158,0.9299957752227784
25.81973556149751,0.9004888534545898,0.911885678768158,0.930328905582428
25.83425416890532,0.9004888534545898,0.911885678768158,0.9294978976249696
25.84880167432129,0.9004888534545898,0.911885678768158,0.9314112663269044
25.86337694618851,0.9004888534545898,0.911885678768158,0.9310055375099182
25.87789557594806,0.9004888534545898,0.911885678768158,0.92885559797287
25.892437225207686,0.9004888534545898,0.911885678768158,0.9306540489196776
25.90701501723379,0.9004888534545898,0.911885678768158,0.9312921762466432
25.921541400253773,0.9004888534545898,0.911885678768158,0.9297003746032716
25.93608528189361,0.9004888534545898,0.911885678768158,0.9314669966697692
25.95064305793494,0.9004888534545898,0.911885678768158,0.9316916465759276
25.965193058364093,0.9004888534545898,0.911885678768158,0.9291511178016664
25.979739745147526,0.9004888534545898,0.911885678768158,0.9303162097930908
25.994294738397,0.9004888534545898,0.911885678768158,0.929886758327484
26.00886835344136,0.9004888534545898,0.911885678768158,0.928126335144043
26.02340640127659,0.9004888534545898,0.911885678768158,0.9308986067771912
26.037963336333632,0.9004888534545898,0.911885678768158,0.9302972555160522
26.05252917855978,0.9004888534545898,0.911885678768158,0.928348958492279
26.067080833017823,0.9004888534545898,0.911885678768158,0.931031048297882
26.08164528105408,0.9004888534545898,0.911885678768158,0.9308559894561768
26.0962025038898,0.9004888534545898,0.911885678768158,0.9285737872123718
26.11078195273876,0.9004888534545898,0.911885678768158,0.92867511510849
26.12532168254256,0.9004888534545898,0.911885678768158,0.93063622713089
26.139886680990458,0.9004888534545898,0.911885678768158,0.929937779903412
26.154470016248524,0.9004888534545898,0.911885678768158,0.928652822971344
26.16901694610715,0.9004888534545898,0.911885678768158,0.9299668073654176
26.183579184114933,0.9004888534545898,0.911885678768158,0.9295222759246826
26.19816806539893,0.9004888534545898,0.911885678768158,0.9287884831428528
26.212721689604223,0.9004888534545898,0.911885678768158,0.9302791953086852
26.227288898080587,0.9004888534545898,0.911885678768158,0.9297553300857544
26.24185279291123,0.9004888534545898,0.911885678768158,0.9307847619056702
26.256458616815507,0.9004888534545898,0.911885678768158,0.9303123950958252
26.271005015820265,0.9004888534545898,0.911885678768158,0.9288210868835448
26.2855761134997,0.9004888534545898,0.911885678768158,0.9307937026023864
26.300143344327807,0.9004888534545898,0.911885678768158,0.9299638867378236
26.314713338389996,0.9004888534545898,0.911885678768158,0.93081796169281
26.3292950168252,0.9004888534545898,0.911885678768158,0.9318533539772034
26.343873912468556,0.9004888534545898,0.911885678768158,0.929189145565033
26.358468912541863,0.9004888534545898,0.911885678768158,0.9295943975448608
26.373023352585733,0.9004888534545898,0.911885678768158,0.9324938058853148
26.38759917765856,0.9004888534545898,0.911885678768158,0.9310148358345032
26.402185848914087,0.9004637002944946,0.911885678768158,0.9293513298034668
26.41676167398691,0.9004082679748535,0.911885678768158,0.9317604303359984
26.43136917706579,0.9003178477287292,0.911885678768158,0.930700659751892
26.445920856669545,0.9001876711845398,0.911885678768158,0.9294666647911072
26.460495840758085,0.9000126719474792,0.911885678768158,0.9306629300117492
26.475071953609586,0.8997876048088074,0.911885678768158,0.930096447467804
26.489672522060573,0.8995069265365601,0.911885678768158,0.9285732507705688
26.504258905537423,0.8991647362709045,0.911885678768158,0.9309633374214172
26.518814449198544,0.8987544775009155,0.911885678768158,0.9310680627822876
26.53339613042772,0.8982704281806946,0.911885678768158,0.9315765500068665
26.548006681725383,0.8977066874504089,0.911885678768158,0.9306480288505554
26.562574728392065,0.8970574736595154,0.911885678768158,0.9292349815368652
26.577138338238,0.8963192105293274,0.911885678768158,0.930477738380432
26.59172445628792,0.8954880833625793,0.911885678768158,0.9306035041809082
26.606309736147523,0.8945633172988892,0.911885678768158,0.9317322373390198
26.62090500164777,0.8935472369194031,0.911885678768158,0.9320053458213806
26.63548528868705,0.8924434185028076,0.9104005098342896,0.9284276366233826
26.650067520327863,0.8912556171417236,0.9087888598442078,0.9284961223602296
26.664644449017946,0.8899874091148376,0.907169759273529,0.9268190860748292
26.679238895885646,0.8886424899101257,0.9055087566375732,0.9235123991966248
26.693807520903647,0.8872252106666565,0.9034549593925476,0.9243711829185486
38.43995167315006,0.8857657313346863,0.901369571685791,0.9176924228668212
38.45420057047159,0.8842744827270508,0.899279773235321,0.9076968431472778
38.46853305771947,0.8827614188194275,0.8971747159957886,0.9088208079338074
38.48287334572524,0.8812366127967834,0.8949741125106812,0.8974616527557373
38.497214999981225,0.8797107934951782,0.8926116824150085,0.894209086894989
38.5115536339581,0.8781958818435669,0.8901808261871338,0.9059391021728516
38.52595723327249,0.8767043948173523,0.8876574635505676,0.9064935445785522
38.54032084811479,0.8752498626708984,0.8851083517074585,0.9009200930595398
38.554650840349495,0.8738468885421753,0.8825432062149048,0.8965774178504944
38.56901445798576,0.8725100159645081,0.8799784183502197,0.8948402404785156
38.58338140882552,0.8712528347969055,0.8774299621582031,0.8945286273956299
38.597743056714535,0.8700811266899109,0.8758024573326111,0.8951182961463928
38.61210974492133,0.8689985275268555,0.874174952507019,0.8951514363288879
38.626474178396165,0.8680087327957153,0.8730789422988892,0.896294116973877
38.640834457241,0.8671125173568726,0.8724340200424194,0.8967251181602478
38.65523529611528,0.8663077354431152,0.8724340200424194,0.8974173069000244
38.6695675207302,0.8655906319618225,0.8724340200424194,0.8964939117431641
38.68393723201007,0.8649575114250183,0.8724340200424194,0.8967371582984924
38.69833279307932,0.8644047975540161,0.8724340200424194,0.8988131880760193
38.71267723292112,0.8639287948608398,0.8724340200424194,0.8996113538742065
38.72704334557056,0.8635252118110657,0.8724340200424194,0.898348867893219
38.74141140002757,0.8631889224052429,0.8724340200424194,0.8972887992858887
38.7558130575344,0.8629146814346313,0.8724340200424194,0.896624743938446
38.77014777716249,0.8626972436904907,0.8724340200424194,0.8947644233703613
38.78451585676521,0.8625313639640808,0.8724340200424194,0.8947330117225647
38.79888501763344,0.8624112010002136,0.8724340200424194,0.8970829248428345
38.81326752249152,0.8623302578926086,0.8724340200424194,0.8971506953239441
38.82761335372925,0.8622815012931824,0.8724340200424194,0.8970581889152527
38.84198500961065,0.8622573614120483,0.8724340200424194,0.8955335021018982
38.85639223270118,0.8622496724128723,0.8724340200424194,0.8941459655761719
38.87073139194399,0.8622496724128723,0.8724340200424194,0.8925310969352722
38.8851211220026,0.8622496724128723,0.8724340200424194,0.8933391571044922
38.89946805685759,0.8622496724128723,0.8724340200424194,0.8950696587562561
38.9138450184837,0.8622496724128723,0.8724340200424194,0.893672525882721
38.92821528017521,0.8622496724128723,0.8724340200424194,0.8915823698043823
38.942590297199786,0.8622496724128723,0.8724340200424194,0.8934925198554993
38.9569589048624,0.8622496724128723,0.8724340200424194,0.8942090272903442
38.97133279312402,0.8622496724128723,0.8724340200424194,0.8934043645858765
38.98574335221201,0.8622496724128723,0.8724340200424194,0.8920493125915527
39.0001233369112,0.8622496724128723,0.8724340200424194,0.8922080397605896
39.01447363290936,0.8622496724128723,0.8724340200424194,0.8916288614273071
39.02885500900448,0.8622496724128723,0.8724340200424194,0.8913329839706421
39.04326000250876,0.8622496724128723,0.8724340200424194,0.8935602307319641
39.057613897137344,0.8622496724128723,0.8724340200424194,0.8946698307991028
39.07199863437563,0.8622496724128723,0.8724340200424194,0.8928771615028381
39.08638862427324,0.8622496724128723,0.8724340200424194,0.8922759890556335
39.10080194380134,0.8622496724128723,0.8724340200424194,0.892812192440033
39.115153633989394,0.8622496724128723,0.8724340200424194,0.8910991549491882
39.12953556049615,0.8622496724128723,0.8724340200424194,0.8910360336303711
39.143914729356766,0.8622496724128723,0.8724340200424194,0.89408278465271
39.158335849642754,0.8622496724128723,0.8724340200424194,0.8926262259483337
39.172685832716525,0.8622496724128723,0.8724340200424194,0.8900479674339294
39.18709168955684,0.8622496724128723,0.8724340200424194,0.8903124928474426
39.20145139284432,0.8622496724128723,0.8724340200424194,0.890830397605896
39.21585777774453,0.8622496724128723,0.8724340200424194,0.8911257386207581
39.2302200011909,0.8622496724128723,0.8724340200424194,0.892145037651062
39.24460639245808,0.8622496724128723,0.8724340200424194,0.8909650444984436
39.25902722496539,0.8622496724128723,0.8724340200424194,0.8908930420875549
39.27338001597673,0.8622496724128723,0.8724340200424194,0.8894661664962769
39.2877678014338,0.8622496724128723,0.8724340200424194,0.8896027207374573
39.30214445013553,0.8622496724128723,0.8724340200424194,0.8925276398658752
39.31652805581689,0.8622496724128723,0.8724340200424194,0.8917738795280457
39.33091305848211,0.8622496724128723,0.8724340200424194,0.8894216418266296
39.345321122556925,0.8622496724128723,0.8724340200424194,0.8919177055358887
39.3596819518134,0.8622496724128723,0.8724340200424194,0.8925532102584839
39.37407168187201,0.8622496724128723,0.8724340200424194,0.891278862953186
39.38846280053258,0.8622496724128723,0.8724340200424194,0.891054093837738
39.40288668125868,0.8622496724128723,0.8724340200424194,0.8913803696632385
39.41724528092891,0.8622496724128723,0.8724340200424194,0.890048623085022
39.43163500819355,0.8622496724128723,0.8724340200424194,0.8901029229164124
39.44601695984602,0.8622496724128723,0.8724340200424194,0.8930342197418213
39.46041084174067,0.8622496724128723,0.8724340200424194,0.8922292590141296
39.47480556182563,0.8622496724128723,0.8724340200424194,0.8899261355400085
39.48920500930399,0.8622496724128723,0.8724340200424194,0.889812171459198
39.50358641054481,0.8622496724128723,0.8724340200424194,0.8924674391746521
39.51799334585667,0.8622496724128723,0.8724340200424194,0.8918999433517456
39.53236029669642,0.8622496724128723,0.8724340200424194,0.8904876112937927
39.54675168078393,0.8622496724128723,0.8724340200424194,0.890386700630188
39.56117529608309,0.8622496724128723,0.8724340200424194,0.8908730149269104
39.57553168851882,0.8622496724128723,0.8724340200424194,0.8895506858825684
39.58994222525507,0.8622496724128723,0.8724340200424194,0.8901077508926392
39.60430833790451,0.8622496724128723,0.8724340200424194,0.8922712802886963
39.61870418395847,0.8622496724128723,0.8724340200424194,0.8914724588394165
39.63312751427293,0.8622496724128723,0.8724340200424194,0.8911113739013672
39.64747862610966,0.8622496724128723,0.8724340200424194,0.8916261196136475
39.66186974477023,0.8622496724128723,0.8724340200424194,0.8916792869567871
39.676304737105966,0.8622496724128723,0.8724340200424194,0.8912513852119446
39.69066417776048,0.8622496724128723,0.8724340200424194,0.89010089635849
39.7050600014627,0.8622496724128723,0.8724340200424194,0.8899931311607361
39.719447784125805,0.8622496724128723,0.8724340200424194,0.8925253748893738
39.73384668119252,0.8622496724128723,0.8724340200424194,0.8920408487319946
39.74824305810034,0.8622496724128723,0.8724340200424194,0.889687180519104
39.7626402983442,0.8622496724128723,0.8724340200424194,0.8888009190559387
39.77703278604895,0.8622496724128723,0.8724340200424194,0.8917344808578491
39.79142944794148,0.8622496724128723,0.8724340200424194,0.8906035423278809
39.80586890503764,0.8622496724128723,0.8724340200424194,0.8898429274559021
39.82023974508047,0.8622496724128723,0.8724340200424194,0.8888617753982544
39.83462750539184,0.8622496724128723,0.8724340200424194,0.8908876776695251
39.84905584808439,0.8622496724128723,0.8724340200424194,0.8911793231964111
39.863414185121655,0.8622496724128723,0.8724340200424194,0.8908571004867554
39.87781418580562,0.8622496724128723,0.8724340200424194,0.8890460729598999
39.892223903909326,0.8622496724128723,0.8724340200424194,0.8887801170349121
39.90661279298365,0.8622496724128723,0.8724340200424194,0.8909530639648438
39.92100252024829,0.8622496724128723,0.8724340200424194,0.8899770975112915
39.93539805617184,0.8622496724128723,0.8724340200424194,0.8908352851867676
39.94984418526292,0.8622496724128723,0.8724340200424194,0.8910777568817139
39.96421946492046,0.8622496724128723,0.8724340200424194,0.8893736004829407
39.97864584065974,0.8622496724128723,0.8724340200424194,0.8892451524734497
39.99302973691374,0.8622496724128723,0.8724340200424194,0.8916547298431396
40.00743278581649,0.8622496724128723,0.8724340200424194,0.8908377289772034
40.02186890412122,0.8622496724128723,0.8724340200424194,0.8902959823608398
40.036243345588446,0.8622496724128723,0.8724340200424194,0.8892396688461304
40.05066861771047,0.8622496724128723,0.8724340200424194,0.8894829750061035
40.06507612857968,0.8622496724128723,0.8724340200424194,0.8910483717918396
40.07944250386208,0.8622496724128723,0.8724340200424194,0.8907694220542908
40.09387224074453,0.8622496724128723,0.8724340200424194,0.8898898959159851
40.108243896625936,0.8622496724128723,0.8724340200424194,0.8901668787002563
40.1226364094764,0.8622496724128723,0.8724340200424194,0.8907876014709473
40.137042241171,0.8622496724128723,0.8724340200424194,0.8908469676971436
40.15145474486053,0.8622496724128723,0.8724340200424194,0.8895726203918457
40.16589751280844,0.8622496724128723,0.8724340200424194,0.8897060751914978
40.18027807306498,0.8622496724128723,0.8724340200424194,0.8893468379974365
40.194694178178906,0.8622496724128723,0.8724340200424194,0.8896215558052063
40.20912223309279,0.8622496724128723,0.8724340200424194,0.8919573426246643
40.22349916957319,0.8622496724128723,0.8724340200424194,0.890825092792511
40.23791083227843,0.8622496724128723,0.8724340200424194,0.8905358910560608
40.25231640134007,0.8622496724128723,0.8724340200424194,0.8903216123580933
40.26672835182399,0.8622496724128723,0.8724340200424194,0.8901160359382629
40.28116111177951,0.8622496724128723,0.8724340200424194,0.8913498520851135
40.295534449629486,0.8622496724128723,0.8724340200424194,0.8907768130302429
40.309935288503766,0.8622496724128723,0.8724340200424194,0.8893107175827026
40.32435223180801,0.8622496724128723,0.8724340200424194,0.8879438042640686
40.33876334410161,0.8622496724128723,0.8724340200424194,0.8886716961860657
40.35317277722061,0.8622496724128723,0.8724340200424194,0.891558825969696
40.3676249999553,0.8622496724128723,0.8724340200424194,0.8913719058036804
40.3820014083758,0.8622496724128723,0.8724340200424194,0.8917508125305176
40.3964380575344,0.8622496724128723,0.8724340200424194,0.8903812170028687
40.41082862578333,0.8622496724128723,0.8724340200424194,0.8917161226272583
40.42527362611145,0.8622496724128723,0.8724340200424194,0.8922444581985474
40.43964751437306,0.8622496724128723,0.8724340200424194,0.8933454751968384
40.45406669005752,0.8622496724128723,0.8724340200424194,0.8910471200942993
40.46847028937191,0.8622496724128723,0.8724340200424194,0.8890414834022522
40.48291140049696,0.8622496724128723,0.8724340200424194,0.8915572166442871
40.49731888901442,0.8622496724128723,0.8724340200424194,0.8913363218307495
40.51170417666435,0.8622496724128723,0.8724340200424194,0.8916945457458496
40.52615474537015,0.8622496724128723,0.8724340200424194,0.8912745118141174
40.54056556988508,0.8622496724128723,0.8724340200424194,0.8897591233253479
40.55496057774872,0.8622496724128723,0.8724340200424194,0.8915794491767883
40.56937778647989,0.8622496724128723,0.8724340200424194,0.8919476270675659
40.583791681565344,0.8622496724128723,0.8724340200424194,0.8911263942718506
40.59824112150818,0.8622496724128723,0.8724340200424194,0.8908432722091675
40.612623335793614,0.8622496724128723,0.8724340200424194,0.8921782374382019
40.6270747454837,0.8622496724128723,0.8724340200424194,0.8921734690666199
40.6414630562067,0.8622496724128723,0.8724340200424194,0.8903607130050659
40.65588916931301,0.8622496724128723,0.8724340200424194,0.8898372054100037
40.670284177176654,0.8622496724128723,0.8724340200424194,0.892086386680603
40.68474252149463,0.8622496724128723,0.8724340200424194,0.8916298151016235
40.699127233587205,0.8622496724128723,0.8724340200424194,0.8900968432426453
40.71354890428484,0.8622496724128723,0.8724340200424194,0.8899940252304077
40.72798752039671,0.8622496724128723,0.8724340200424194,0.8914543986320496
40.742386129684746,0.8622496724128723,0.8724340200424194,0.8921905159950256
40.75681972783059,0.8622496724128723,0.8724340200424194,0.890913724899292
40.77127363253385,0.8622496724128723,0.8724340200424194,0.8901447057723999
40.78566113021225,0.8622496724128723,0.8724340200424194,0.8888339400291443
40.800089185126126,0.8622496724128723,0.8724340200424194,0.888987123966217
40.81451083347201,0.8622496724128723,0.8724340200424194,0.8919195532798767
40.828931665979326,0.8622496724128723,0.8724340200424194,0.8916840553283691
40.84338835347444,0.8622496724128723,0.8724340200424194,0.8904538154602051
40.85777474474162,0.8622496724128723,0.8724340200424194,0.8885856866836548
40.87220416869968,0.8622496724128723,0.8724340200424194,0.8889817595481873
40.88662056159228,0.8622496724128723,0.8724340200424194,0.8913754820823669
40.90104945749045,0.8622496724128723,0.8724340200424194,0.8911284804344177
40.91551612783224,0.8622496724128723,0.8724340200424194,0.8901216983795166
40.92990083992481,0.8622496724128723,0.8724340200424194,0.8896339535713196
40.944323904812336,0.8622496724128723,0.8724340200424194,0.8880764245986938
40.95874694455415,0.8622496724128723,0.8724340200424194,0.8894654512405396
40.97317418642342,0.8622496724128723,0.8724340200424194,0.8901073932647705
40.98760946653783,0.8622496724128723,0.8724340200424194,0.8887014985084534
41.00203029625118,0.8622496724128723,0.8724340200424194,0.8918159604072571
41.01646224036813,0.8622496724128723,0.8724340200424194,0.8915231227874756
41.03092723432928,0.8622496724128723,0.8724340200424194,0.8902568221092224
41.04532557819039,0.8622496724128723,0.8724340200424194,0.8884671926498413
41.05978250596672,0.8622496724128723,0.8724340200424194,0.8888789415359497
41.07419500965625,0.8622496724128723,0.8724340200424194,0.8917170166969299
41.08862529695034,0.8622496724128723,0.8724340200424194,0.890871524810791
41.10308750532568,0.8622496724128723,0.8724340200424194,0.8899667859077454
41.117488897405565,0.8622496724128723,0.8724340200424194,0.8889988660812378
41.13192417751998,0.8622496724128723,0.8724340200424194,0.8889746069908142
41.14635945763439,0.8622496724128723,0.8724340200424194,0.89165198802948
41.160796391777694,0.8622496724128723,0.8724340200424194,0.8913367986679077
41.17526361811906,0.8622496724128723,0.8724340200424194,0.8902400135993958
41.189672785811126,0.8622496724128723,0.8724340200424194,0.8884935975074768
41.2040969543159,0.8622496724128723,0.8724340200424194,0.8905152082443237
41.21853362582624,0.8622496724128723,0.8724340200424194,0.8911935687065125
41.23300500120968,0.8622496724128723,0.8724340200424194,0.8906208276748657
41.24741028249264,0.8622496724128723,0.8724340200424194,0.8889672160148621
41.26183029636741,0.8622496724128723,0.8724340200424194,0.8911466002464294
41.276268624700606,0.8622496724128723,0.8724340200424194,0.8913584351539612
41.29070417024195,0.8622496724128723,0.8724340200424194,0.8888119459152222
41.30514028854668,0.8622140884399414,0.8724340200424194,0.8886921405792236
41.31959944870323,0.8620001673698425,0.8724340200424194,0.8915411233901978
41.33401168975979,0.8614903688430786,0.8724340200424194,0.8920714855194092
41.348486113362014,0.8605688214302063,0.8724340200424194,0.890424370765686
41.36289362423122,0.8591196537017822,0.8724340200424194,0.888842761516571
41.37734001595527,0.8570269346237183,0.8724340200424194,0.8889884948730469
41.39180556032807,0.8541749715805054,0.8724340200424194,0.8909933567047119
41.406221400015056,0.8504477739334106,0.8724340200424194,0.8913491368293762
41.420693065971136,0.8457397222518921,0.8724340200424194,0.8899989724159241
41.435098632238805,0.8399540781974792,0.8724340200424194,0.8887132406234741
41.44953780155629,0.8329992294311523,0.8724340200424194,0.8883935809135437
41.46397833712399,0.8247836232185364,0.8724340200424194,0.8903931975364685
41.47842307202518,0.8152155876159668,0.872086226940155,0.8915568590164185
41.49286389816552,0.8042035698890686,0.870908260345459,0.8897066116333008
41.50733973830938,0.7916560173034668,0.8699092864990234,0.8876943588256836
41.52175279241055,0.777481198310852,0.8688775300979614,0.8852013349533081
41.53620612155646,0.761584997177124,0.8680675029754639,0.8845394849777222
41.55062724184245,0.743869960308075,0.8673991560935974,0.8860705494880676
41.56509835179895,0.7242366671562195,0.8667399883270264,0.8856468796730042
41.5795088885352,0.7025830745697021,0.8651416301727295,0.8828707337379456
41.59394556004554,0.6788073778152466,0.8570116758346558,0.8763258457183838
41.60839224234224,0.6529188752174377,0.8070461750030518,0.827592134475708
41.622869186103344,0.6251736283302307,0.7544347047805786,0.776419997215271
41.63728250563145,0.5958083271980286,0.7021341323852539,0.7249120473861694
41.6517305765301,0.565057635307312,0.6498708128929138,0.6748552918434143
41.66619945690036,0.5331559777259827,0.597625732421875,0.6260881423950195
41.68062722403556,0.500336229801178,0.5453806519508362,0.5749732851982117
41.69507695455104,0.4668327271938324,0.493135541677475,0.5229431986808777
41.709525000303984,0.4328798651695251,0.4453627169132232,0.4787797927856445
41.7239730739966,0.3986916244029999,0.4015459716320038,0.4379476308822632
41.73823778517544,0.3644641041755676,0.359974056482315,0.3917195200920105
41.75256916880608,0.3303831815719604,0.3184055089950561,0.3536220192909241
41.76696612127125,0.2975392937660217,0.2768383026123047,0.3214167058467865
41.78143917582929,0.2660478055477142,0.2352877408266067,0.283537209033966
41.79585194494575,0.2360003292560577,0.1937544345855713,0.2405104041099548
41.81031252164394,0.2074883431196212,0.1522605866193771,0.1970125436782837
41.824801680631936,0.1806036829948425,0.1097689718008041,0.14972884953022
41.8392252959311,0.1554403603076934,0.0659517049789428,0.1011532694101333
41.85364946443588,0.1320958882570266,0.0214552152901887,0.0478890687227249
41.868106129579246,0.110669657588005,0.0,0.0193769354373216
41.882572777569294,0.0912637487053871,0.0,0.0135950343683362
41.89709611237049,0.0739799365401268,0.0,0.0081034358590841
41.91162667237222,0.0588445328176021,0.0,0.0031330557540059
41.92606778629124,0.0457442328333854,0.0,0.0038800009060651
41.94056141003966,0.034559741616249,0.0,0.0067941574379801
41.95498723257333,0.0251724626868963,0.0,0.003523239865899
41.96944224089384,0.017463881522417,0.0,0.0
41.98390612844378,0.0113168079406023,0.0,0.0
41.99837390519679,0.0066127725876867,0.0,0.0
42.01284806616604,0.003233304945752,0.0,0.0
42.02728612907231,0.0010700771817937,0.0,0.0
42.041728056035936,2.373127790633589e-05,0.0,0.0
42.05619806516916,0.0,0.0,0.0
42.070628352463245,0.0,0.0,0.0
42.08509279321879,0.0,0.0,0.0
42.09956529736519,0.0,0.0,0.0
42.11402167193592,0.0,0.0,0.0
